sno,name,handedness,height,weight,average,HR,ratio,bodyindex,bodytype
1,Tom Brown,RIGHT,73,170,0,0,0.429411765,1,MODERATE
2,Denny Lemaster,RIGHT,73,182,0.13,4,0.401098901,1,MODERATE
3,Joe Nolan,LEFT,71,175,0.263,27,0.405714286,1,MODERATE
4,Denny Doyle,LEFT,69,175,0.25,16,0.394285714,1,MODERATE
5,Jose Cardenal,RIGHT,70,150,0.275,138,0.466666667,2,LEAN
6,Mike Ryan,RIGHT,74,205,0.193,28,0.36097561,0,HEAVY
7,Fritz Peterson,BOTH,72,185,0.159,2,0.389189189,1,MODERATE
8,Dick Bertell,RIGHT,72,200,0.25,10,0.36,0,HEAVY
9,Rod Kanehl,RIGHT,73,180,0.241,6,0.405555556,1,MODERATE
10,Ozzie Osborn,RIGHT,74,195,0,0,0.379487179,1,MODERATE
11,John LaRose,LEFT,73,185,0,0,0.394594595,1,MODERATE
12,Jeff Byrd,RIGHT,75,195,0,0,0.384615385,1,MODERATE
13,Juan Bonilla,RIGHT,69,170,0.256,7,0.405882353,1,MODERATE
14,Frank Tepedino,LEFT,71,185,0.241,6,0.383783784,1,MODERATE
15,Jerry Kutzler,LEFT,73,175,0,0,0.417142857,1,MODERATE
16,Rick Wise,RIGHT,73,180,0.195,15,0.405555556,1,MODERATE
17,Darrell Evans,LEFT,74,200,0.248,414,0.37,0,HEAVY
18,Buck Martinez,RIGHT,70,190,0.225,58,0.368421053,0,HEAVY
19,John Wockenfuss,RIGHT,72,190,0.262,86,0.378947368,0,HEAVY
20,Tommy McCraw,LEFT,72,183,0.246,75,0.393442623,1,MODERATE
21,Jeff Barkley,BOTH,75,185,0,0,0.405405405,1,MODERATE
22,Eric Wilkins,RIGHT,73,190,0,0,0.384210526,1,MODERATE
23,Britt Burns,LEFT,77,215,0,0,0.358139535,0,HEAVY
24,Lee Lacy,RIGHT,73,175,0.286,91,0.417142857,1,MODERATE
25,Pete Rose,BOTH,71,192,0.303,160,0.369791667,0,HEAVY
26,Danny Walton,RIGHT,72,195,0.223,28,0.369230769,0,HEAVY
27,Bobby Cox,RIGHT,71,180,0.225,9,0.394444444,1,MODERATE
28,Brad Wellman,RIGHT,72,170,0.231,6,0.423529412,1,MODERATE
29,Jeff Newman,RIGHT,74,215,0.224,63,0.344186047,0,HEAVY
30,Pedro Gonzalez,RIGHT,72,176,0.244,8,0.409090909,1,MODERATE
31,Nardi Contreras,BOTH,74,193,0,0,0.383419689,1,MODERATE
32,Tommie Reynolds,RIGHT,74,190,0.226,12,0.389473684,1,MODERATE
33,Gene Clines,RIGHT,69,170,0.277,5,0.405882353,1,MODERATE
34,Jim Hickman,RIGHT,75,192,0.252,159,0.390625,1,MODERATE
35,Jack Billingham,RIGHT,76,195,0.111,0,0.38974359,1,MODERATE
36,Jerry Buchek,RIGHT,71,185,0.22,22,0.383783784,1,MODERATE
37,Ivan DeJesus,RIGHT,71,175,0.254,21,0.405714286,1,MODERATE
38,Gary Nolan,RIGHT,74,197,0.138,1,0.375634518,0,HEAVY
39,Gil Patterson,RIGHT,73,185,0,0,0.394594595,1,MODERATE
40,Fred Whitfield,LEFT,73,190,0.253,108,0.384210526,1,MODERATE
41,Larry Dierker,RIGHT,76,215,0.136,4,0.353488372,0,HEAVY
42,Dave Skaggs,RIGHT,74,200,0.241,3,0.37,0,HEAVY
43,Dick Ruthven,RIGHT,75,190,0.183,1,0.394736842,1,MODERATE
44,Jerry Garvin,LEFT,75,195,0,0,0.384615385,1,MODERATE
45,Steve Eddy,RIGHT,74,185,0,0,0.4,1,MODERATE
46,Dave Kingman,RIGHT,78,210,0.236,442,0.371428571,0,HEAVY
47,Eric Soderholm,RIGHT,71,187,0.264,102,0.379679144,1,MODERATE
48,Kevin Mmahat,LEFT,77,220,0,0,0.35,0,HEAVY
49,Ed Brinkman,RIGHT,72,170,0.224,60,0.423529412,1,MODERATE
50,Wayne Garrett,LEFT,71,175,0.239,61,0.405714286,1,MODERATE
51,Tony Muser,LEFT,74,180,0.259,7,0.411111111,1,MODERATE
52,Jim Siwy,RIGHT,76,200,0,0,0.38,1,MODERATE
53,Bud Anderson,RIGHT,75,210,0,0,0.357142857,0,HEAVY
54,Ted Ford,RIGHT,70,180,0.219,17,0.388888889,1,MODERATE
55,Kevin Stanfield,LEFT,72,190,0,0,0.378947368,0,HEAVY
56,Jim Lyttle,LEFT,72,180,0.248,9,0.4,1,MODERATE
57,John Butcher,RIGHT,76,185,0,0,0.410810811,1,MODERATE
58,Jerry Ujdur,RIGHT,73,195,0,0,0.374358974,0,HEAVY
59,Scot Thompson,LEFT,75,195,0.262,5,0.384615385,1,MODERATE
60,Gene Locklear,LEFT,70,165,0.274,9,0.424242424,1,MODERATE
61,Bo Diaz,RIGHT,71,185,0.255,87,0.383783784,1,MODERATE
62,Bump Wills,BOTH,69,172,0.266,36,0.401162791,1,MODERATE
63,Brian Denman,RIGHT,76,205,0,0,0.370731707,0,HEAVY
64,Pat Putnam,LEFT,72,205,0.255,63,0.351219512,0,HEAVY
65,Kurt Bevacqua,RIGHT,72,180,0.236,27,0.4,1,MODERATE
66,Bob Fallon,LEFT,75,200,0,0,0.375,0,HEAVY
67,Syd O'Brien,RIGHT,73,185,0.23,24,0.394594595,1,MODERATE
68,Chris Chambliss,LEFT,73,195,0.279,185,0.374358974,0,HEAVY
69,Tom Satriano,LEFT,73,185,0.225,21,0.394594595,1,MODERATE
70,Jeffrey Leonard,RIGHT,74,200,0.266,144,0.37,0,HEAVY
71,Dal Maxvill,RIGHT,71,157,0.217,6,0.452229299,2,LEAN
72,Steve Curry,RIGHT,78,217,0,0,0.359447005,0,HEAVY
73,Cesar Tovar,RIGHT,69,155,0.278,46,0.44516129,2,LEAN
74,Mickey Lolich,BOTH,73,170,0.11,0,0.429411765,1,MODERATE
75,Ray Chadwick,BOTH,74,180,0,0,0.411111111,1,MODERATE
76,Jack Heidemann,RIGHT,72,175,0.211,9,0.411428571,1,MODERATE
77,Rich Rollins,RIGHT,70,185,0.269,77,0.378378378,0,HEAVY
78,Walt Bond,LEFT,79,228,0.256,41,0.346491228,0,HEAVY
79,Merv Rettenmund,RIGHT,70,190,0.271,66,0.368421053,0,HEAVY
80,Bryan Clutterbuck,RIGHT,76,223,0,0,0.340807175,0,HEAVY
81,Byron Browne,RIGHT,74,190,0.236,30,0.389473684,1,MODERATE
82,Hector Torres,RIGHT,72,175,0.216,18,0.411428571,1,MODERATE
83,Walt Williams,RIGHT,66,165,0.27,33,0.4,1,MODERATE
84,Jerry Koosman,RIGHT,74,205,0.119,2,0.36097561,0,HEAVY
85,Steve Lombardozzi,RIGHT,72,175,0.233,20,0.411428571,1,MODERATE
86,Joe Azcue,RIGHT,72,190,0.252,50,0.378947368,0,HEAVY
87,Elliott Maddox,RIGHT,71,180,0.261,18,0.394444444,1,MODERATE
88,Omar Moreno,LEFT,74,180,0.252,37,0.411111111,1,MODERATE
89,Julian Javier,RIGHT,73,175,0.257,78,0.417142857,1,MODERATE
90,Tony Ferreira,LEFT,73,160,0,0,0.45625,2,LEAN
91,Elio Chacon,RIGHT,69,160,0.232,4,0.43125,1,MODERATE
92,Rusty Torres,BOTH,70,175,0.212,35,0.4,1,MODERATE
93,John Stearns,RIGHT,72,185,0.26,46,0.389189189,1,MODERATE
94,Larry Brown,RIGHT,70,160,0.233,47,0.4375,2,LEAN
95,Tommy Dean,RIGHT,72,165,0.18,4,0.436363636,2,LEAN
96,Bryan Oelkers,LEFT,75,192,0,0,0.390625,1,MODERATE
97,Kevin Bearse,LEFT,74,195,0,0,0.379487179,1,MODERATE
98,Marty Martinez,BOTH,72,170,0.243,0,0.423529412,1,MODERATE
99,Bruce Boisclair,LEFT,74,185,0.263,10,0.4,1,MODERATE
100,Ken Singleton,BOTH,76,210,0.282,246,0.361904762,0,HEAVY
101,Frank White,RIGHT,71,165,0.255,160,0.43030303,1,MODERATE
102,Jim Fairey,LEFT,70,190,0.235,7,0.368421053,0,HEAVY
103,Jose Roman,RIGHT,72,175,0,0,0.411428571,1,MODERATE
104,Tom Brookens,RIGHT,70,165,0.246,71,0.424242424,1,MODERATE
105,Gary Thomasson,LEFT,73,180,0.249,61,0.405555556,1,MODERATE
106,Mike Trujillo,RIGHT,73,180,0,0,0.405555556,1,MODERATE
107,Albert Williams,RIGHT,76,190,0,0,0.4,1,MODERATE
108,Oswaldo Peraza,RIGHT,76,172,0,0,0.441860465,2,LEAN
109,Otto Velez,RIGHT,72,170,0.251,78,0.423529412,1,MODERATE
110,Tony Scott,BOTH,72,164,0.249,17,0.43902439,2,LEAN
111,Ray Oyler,RIGHT,71,165,0.175,15,0.43030303,1,MODERATE
112,Barry Cort,RIGHT,77,210,0,0,0.366666667,0,HEAVY
113,Floyd Robinson,LEFT,69,175,0.283,67,0.394285714,1,MODERATE
114,Steve Jeltz,BOTH,71,180,0.21,5,0.394444444,1,MODERATE
115,Lou Brock,LEFT,71,170,0.293,149,0.417647059,1,MODERATE
116,Bill Wilkinson,RIGHT,70,160,0,0,0.4375,2,LEAN
117,Joe Lovitto,BOTH,72,185,0.216,4,0.389189189,1,MODERATE
118,Mike Loynd,RIGHT,76,210,0,0,0.361904762,0,HEAVY
119,Wayne Comer,RIGHT,70,175,0.229,16,0.4,1,MODERATE
120,Dave Collins,BOTH,71,175,0.272,32,0.405714286,1,MODERATE
121,Ed Spiezio,RIGHT,71,180,0.238,39,0.394444444,1,MODERATE
122,Rico Petrocelli,RIGHT,72,175,0.251,210,0.411428571,1,MODERATE
123,Johnny Lewis,LEFT,73,189,0.227,22,0.386243386,1,MODERATE
124,Dick Simpson,RIGHT,76,176,0.207,15,0.431818182,1,MODERATE
125,Ken Boswell,LEFT,72,170,0.248,31,0.423529412,1,MODERATE
126,Ken McMullen,RIGHT,75,190,0.248,156,0.394736842,1,MODERATE
127,Randy Scarbery,BOTH,73,185,0,0,0.394594595,1,MODERATE
128,Steve Swisher,RIGHT,74,205,0.216,20,0.36097561,0,HEAVY
129,Ben Callahan,RIGHT,79,230,0,0,0.343478261,0,HEAVY
130,Dick Howser,RIGHT,68,155,0.248,16,0.438709677,2,LEAN
131,Manny Castillo,BOTH,69,160,0.242,3,0.43125,1,MODERATE
132,Mike Ramsey,BOTH,73,170,0.24,2,0.429411765,1,MODERATE
133,Willie Crawford,LEFT,73,197,0.268,86,0.370558376,0,HEAVY
134,Bobby Cuellar,RIGHT,71,188,0,0,0.377659574,0,HEAVY
135,Willie Norwood,RIGHT,72,185,0.242,18,0.389189189,1,MODERATE
136,Mike Jones,LEFT,78,215,0,0,0.362790698,0,HEAVY
137,Jeff Stone,LEFT,72,175,0.277,11,0.411428571,1,MODERATE
138,Ramon Manon,RIGHT,72,150,0,0,0.48,2,LEAN
139,Joe Lahoud,LEFT,73,198,0.223,65,0.368686869,0,HEAVY
140,Tim Flannery,LEFT,71,175,0.255,9,0.405714286,1,MODERATE
141,Dave McKay,BOTH,73,195,0.229,21,0.374358974,0,HEAVY
142,John Trautwein,RIGHT,75,205,0,0,0.365853659,0,HEAVY
143,Andy Replogle,RIGHT,77,205,0,0,0.375609756,0,HEAVY
144,Zach Crouch,LEFT,75,180,0,0,0.416666667,1,MODERATE
145,Benny Ayala,RIGHT,73,185,0.251,38,0.394594595,1,MODERATE
146,Ron Romanick,RIGHT,76,195,0,0,0.38974359,1,MODERATE
147,Greg Gross,LEFT,70,160,0.287,7,0.4375,2,LEAN
148,Bruce Tanner,LEFT,75,220,0,0,0.340909091,0,HEAVY
149,Sal Butera,RIGHT,72,190,0.227,8,0.378947368,0,HEAVY
150,Jack Brohamer,LEFT,70,165,0.245,30,0.424242424,1,MODERATE
151,Von Joshua,LEFT,70,170,0.273,30,0.411764706,1,MODERATE
152,Eddie Milner,LEFT,71,173,0.253,42,0.410404624,1,MODERATE
153,Johnny Jeter,RIGHT,73,180,0.244,18,0.405555556,1,MODERATE
154,Angel Salazar,RIGHT,72,180,0.212,2,0.4,1,MODERATE
155,Tony Oliva,LEFT,73,175,0.304,220,0.417142857,1,MODERATE
156,Cito Gaston,RIGHT,75,190,0.256,91,0.394736842,1,MODERATE
157,Cookie Rojas,RIGHT,70,160,0.263,54,0.4375,2,LEAN
158,Rich Morales,RIGHT,71,170,0.195,6,0.417647059,1,MODERATE
159,Dave Ford,RIGHT,76,190,0,0,0.4,1,MODERATE
160,Dan Ford,RIGHT,73,185,0.27,121,0.394594595,1,MODERATE
161,Barry Raziano,BOTH,70,175,0,0,0.4,1,MODERATE
162,Darryl Motley,RIGHT,69,196,0.243,44,0.352040816,0,HEAVY
163,Ozzie Virgil,RIGHT,73,180,0.243,98,0.405555556,1,MODERATE
164,Johnny Oates,LEFT,71,188,0.25,14,0.377659574,0,HEAVY
165,Pat Underwood,LEFT,72,175,0,0,0.411428571,1,MODERATE
166,Mike Phillips,LEFT,72,170,0.24,11,0.423529412,1,MODERATE
167,Ron Santo,RIGHT,72,190,0.277,342,0.378947368,0,HEAVY
168,Jay Johnstone,LEFT,73,175,0.267,102,0.417142857,1,MODERATE
169,Jim Ray Hart,RIGHT,71,185,0.278,170,0.383783784,1,MODERATE
170,Marc Hill,RIGHT,75,205,0.223,34,0.365853659,0,HEAVY
171,Joel McKeon,LEFT,72,185,0,0,0.389189189,1,MODERATE
172,Danny Fife,RIGHT,75,175,0,0,0.428571429,1,MODERATE
173,Chico Salmon,RIGHT,70,160,0.249,31,0.4375,2,LEAN
174,Joe Niekro,RIGHT,73,185,0.156,1,0.394594595,1,MODERATE
175,Andy Etchebarren,RIGHT,73,190,0.235,49,0.384210526,1,MODERATE
176,Ken Berry,RIGHT,72,175,0.255,58,0.411428571,1,MODERATE
177,Dave Concepcion,RIGHT,74,155,0.267,101,0.477419355,2,LEAN
178,Junior Moore,RIGHT,71,185,0.264,7,0.383783784,1,MODERATE
179,Mike Richardt,RIGHT,72,170,0.226,4,0.423529412,1,MODERATE
180,Chris Brown,RIGHT,72,185,0.269,38,0.389189189,1,MODERATE
181,Al Bumbry,LEFT,68,170,0.281,54,0.4,1,MODERATE
182,Al Downing,RIGHT,71,175,0.127,2,0.405714286,1,MODERATE
183,Bob Didier,BOTH,72,190,0.229,0,0.378947368,0,HEAVY
184,Jake Gibbs,LEFT,72,180,0.233,25,0.4,1,MODERATE
185,Garry Hancock,LEFT,72,175,0.247,12,0.411428571,1,MODERATE
186,Ed Kranepool,LEFT,75,205,0.261,118,0.365853659,0,HEAVY
187,Rick Rhoden,RIGHT,75,195,0.238,9,0.384615385,1,MODERATE
188,Denny McLain,RIGHT,73,185,0.133,1,0.394594595,1,MODERATE
189,Chuck Hiller,LEFT,71,170,0.243,20,0.417647059,1,MODERATE
190,Jorge Orta,LEFT,70,170,0.278,130,0.411764706,1,MODERATE
191,Dave Cash,RIGHT,71,170,0.283,21,0.417647059,1,MODERATE
192,Bucky Dent,RIGHT,69,170,0.247,40,0.405882353,1,MODERATE
193,Andy Beene,RIGHT,75,205,0,0,0.365853659,0,HEAVY
194,Bruce Robbins,LEFT,73,190,0,0,0.384210526,1,MODERATE
195,Tony Gonzalez,LEFT,69,170,0.286,103,0.405882353,1,MODERATE
196,Leon Hooten,RIGHT,71,180,0,0,0.394444444,1,MODERATE
197,Larry Haney,RIGHT,74,195,0.215,12,0.379487179,1,MODERATE
198,Billy Conigliaro,RIGHT,72,180,0.256,40,0.4,1,MODERATE
199,Gary Roenicke,RIGHT,75,205,0.247,121,0.365853659,0,HEAVY
200,Don Lock,RIGHT,74,195,0.238,122,0.379487179,1,MODERATE
201,Billy Cowan,RIGHT,72,170,0.236,40,0.423529412,1,MODERATE
202,Billy Smith,BOTH,74,185,0.23,17,0.4,1,MODERATE
203,Allan Ramirez,RIGHT,70,180,0,0,0.388888889,1,MODERATE
204,Tony Perez,RIGHT,74,175,0.279,379,0.422857143,1,MODERATE
205,Chuck Schilling,RIGHT,70,160,0.239,23,0.4375,2,LEAN
206,Hal McRae,RIGHT,71,180,0.29,191,0.394444444,1,MODERATE
207,Dave Roberts,RIGHT,75,215,0.239,49,0.348837209,0,HEAVY
208,Brian Allard,RIGHT,73,175,0,0,0.417142857,1,MODERATE
209,Jim Lefebvre,BOTH,72,180,0.251,74,0.4,1,MODERATE
210,Fernando Arroyo,RIGHT,74,180,0,0,0.411111111,1,MODERATE
211,Gary Beare,RIGHT,76,205,0,0,0.370731707,0,HEAVY
212,Charlie Spikes,RIGHT,75,215,0.246,65,0.348837209,0,HEAVY
213,Brian Dubois,LEFT,70,165,0,0,0.424242424,1,MODERATE
214,Steve Whitaker,LEFT,72,180,0.23,24,0.4,1,MODERATE
215,Manny Jimenez,LEFT,73,185,0.272,26,0.394594595,1,MODERATE
216,Chris Batton,RIGHT,76,195,0,0,0.38974359,1,MODERATE
217,Duffy Dyer,RIGHT,72,187,0.221,30,0.385026738,1,MODERATE
218,Ken Henderson,BOTH,74,180,0.257,122,0.411111111,1,MODERATE
219,Vance Lovelace,LEFT,77,205,0,0,0.375609756,0,HEAVY
220,Greg Thayer,RIGHT,71,182,0,0,0.39010989,1,MODERATE
221,Vern Fuller,RIGHT,73,170,0.232,14,0.429411765,1,MODERATE
222,Paul Hartzell,RIGHT,77,200,0,0,0.385,1,MODERATE
223,Wayne Gross,LEFT,74,210,0.233,121,0.352380952,0,HEAVY
224,Mike Champion,RIGHT,72,185,0.229,2,0.389189189,1,MODERATE
225,Ralph Botting,LEFT,72,195,0,0,0.369230769,0,HEAVY
226,Paul Casanova,RIGHT,76,180,0.225,50,0.422222222,1,MODERATE
227,Steve Rogers,RIGHT,74,175,0.138,0,0.422857143,1,MODERATE
228,Keith Creel,RIGHT,74,180,0,0,0.411111111,1,MODERATE
229,Terry Crowley,LEFT,72,180,0.25,42,0.4,1,MODERATE
230,Horace Clarke,BOTH,69,170,0.256,27,0.405882353,1,MODERATE
231,Lou Clinton,RIGHT,73,185,0.247,65,0.394594595,1,MODERATE
232,Larry Cox,RIGHT,70,178,0.221,12,0.393258427,1,MODERATE
233,Nate Colbert,RIGHT,74,190,0.243,173,0.389473684,1,MODERATE
234,Phil Roof,RIGHT,74,190,0.215,43,0.389473684,1,MODERATE
235,Chuck Hinton,RIGHT,73,180,0.264,113,0.405555556,1,MODERATE
236,Tim Cullen,RIGHT,73,185,0.22,9,0.394594595,1,MODERATE
237,Tim Harkness,LEFT,74,182,0.235,14,0.406593407,1,MODERATE
238,Rick Bosetti,RIGHT,71,185,0.25,17,0.383783784,1,MODERATE
239,Ron Pruitt,RIGHT,72,185,0.269,12,0.389189189,1,MODERATE
240,George Foster,RIGHT,73,180,0.274,348,0.405555556,1,MODERATE
241,Jerry White,BOTH,70,164,0.253,21,0.426829268,1,MODERATE
242,Angel Mangual,RIGHT,70,178,0.245,22,0.393258427,1,MODERATE
243,Ken Gerhart,RIGHT,72,190,0.221,24,0.378947368,0,HEAVY
244,Mike Hershberger,RIGHT,70,175,0.252,26,0.4,1,MODERATE
245,Jim French,LEFT,68,180,0.196,5,0.377777778,0,HEAVY
246,Dave Roberts,LEFT,75,195,0.194,7,0.384615385,1,MODERATE
247,Jim Mason,LEFT,74,185,0.203,12,0.4,1,MODERATE
248,Mike Smith,RIGHT,75,180,0,0,0.416666667,1,MODERATE
249,Willie Smith,LEFT,72,182,0.248,46,0.395604396,1,MODERATE
250,T.R. Bryden,RIGHT,76,190,0,0,0.4,1,MODERATE
251,Jose Arcia,RIGHT,75,170,0.215,1,0.441176471,2,LEAN
252,Leon Durham,LEFT,73,185,0.277,147,0.394594595,1,MODERATE
253,Tom Makowski,RIGHT,71,185,0,0,0.383783784,1,MODERATE
254,Paul Householder,BOTH,72,180,0.236,29,0.4,1,MODERATE
255,Aurelio Rodriguez,RIGHT,70,180,0.237,124,0.388888889,1,MODERATE
256,Jimmy Stewart,BOTH,72,165,0.237,8,0.436363636,2,LEAN
257,Dick Phillips,LEFT,72,180,0.229,12,0.4,1,MODERATE
258,Andres Thomas,RIGHT,73,170,0.234,42,0.429411765,1,MODERATE
259,Ed Crosby,LEFT,74,175,0.22,0,0.422857143,1,MODERATE
260,Mike de la Hoz,RIGHT,71,175,0.251,25,0.405714286,1,MODERATE
261,Frank Taveras,RIGHT,72,155,0.255,2,0.464516129,2,LEAN
262,Joe Nossek,RIGHT,72,178,0.228,3,0.404494382,1,MODERATE
263,Larry Stahl,LEFT,72,175,0.232,36,0.411428571,1,MODERATE
264,Jose Cruz,LEFT,72,170,0.284,165,0.423529412,1,MODERATE
265,Don Mason,LEFT,71,160,0.205,3,0.44375,2,LEAN
266,Bill Robinson,RIGHT,74,189,0.258,166,0.391534392,1,MODERATE
267,Jim Umbarger,LEFT,78,200,0,0,0.39,1,MODERATE
268,Sal Bando,RIGHT,72,195,0.254,242,0.369230769,0,HEAVY
269,George Mitterwald,RIGHT,74,195,0.236,76,0.379487179,1,MODERATE
270,Mike Darr,RIGHT,76,190,0,0,0.4,1,MODERATE
271,Craig Robinson,RIGHT,70,165,0.219,0,0.424242424,1,MODERATE
272,Bob Tillman,RIGHT,76,205,0.232,79,0.370731707,0,HEAVY
273,Curt Wardle,LEFT,77,220,0,0,0.35,0,HEAVY
274,Pat Corrales,RIGHT,72,180,0.216,4,0.4,1,MODERATE
275,Mike Tyson,RIGHT,69,170,0.241,27,0.405882353,1,MODERATE
276,Rafael Landestoy,BOTH,70,165,0.237,4,0.424242424,1,MODERATE
277,Duane Josephson,RIGHT,72,190,0.258,23,0.378947368,0,HEAVY
278,Duane Walker,LEFT,72,185,0.229,24,0.389189189,1,MODERATE
279,Glenn Hubbard,RIGHT,69,150,0.244,70,0.46,2,LEAN
280,Roger Freed,RIGHT,72,190,0.245,22,0.378947368,0,HEAVY
281,George Hendrick,RIGHT,75,195,0.278,267,0.384615385,1,MODERATE
282,Rod Carew,LEFT,72,170,0.328,92,0.423529412,1,MODERATE
283,Bob Davis,RIGHT,72,180,0.197,6,0.4,1,MODERATE
284,Toby Harrah,RIGHT,72,175,0.264,195,0.411428571,1,MODERATE
285,Rick Manning,LEFT,73,180,0.257,56,0.405555556,1,MODERATE
286,Israel Sanchez,LEFT,69,170,0,0,0.405882353,1,MODERATE
287,Steve Burke,BOTH,74,200,0,0,0.37,0,HEAVY
288,Gary Matthews,RIGHT,74,185,0.281,234,0.4,1,MODERATE
289,Cesar Geronimo,LEFT,72,165,0.258,51,0.436363636,2,LEAN
290,Billy Bryan,LEFT,76,200,0.216,41,0.38,1,MODERATE
291,Terry Taylor,RIGHT,73,180,0,0,0.405555556,1,MODERATE
292,Terry Whitfield,LEFT,73,197,0.281,33,0.370558376,0,HEAVY
293,Mario Mendoza,RIGHT,71,170,0.215,4,0.417647059,1,MODERATE
294,Fred Lynn,LEFT,73,185,0.283,306,0.394594595,1,MODERATE
295,Larry Hisle,RIGHT,74,193,0.273,166,0.383419689,1,MODERATE
296,Graig Nettles,LEFT,72,180,0.248,390,0.4,1,MODERATE
297,Randy Nosek,RIGHT,76,215,0,0,0.353488372,0,HEAVY
298,Dave Engle,RIGHT,75,210,0.262,31,0.357142857,0,HEAVY
299,Narciso Elvira,LEFT,70,160,0,0,0.4375,2,LEAN
300,Mike Easler,LEFT,72,190,0.293,118,0.378947368,0,HEAVY
301,Mark Smith,RIGHT,74,215,0,0,0.344186047,0,HEAVY
302,Paul Mitchell,RIGHT,73,195,0,0,0.374358974,0,HEAVY
303,Rick Sweet,BOTH,73,200,0.234,6,0.365,0,HEAVY
304,Thurman Munson,RIGHT,71,190,0.292,113,0.373684211,0,HEAVY
305,Rick Monday,LEFT,75,193,0.264,241,0.388601036,1,MODERATE
306,Mike Sadek,RIGHT,69,165,0.226,5,0.418181818,1,MODERATE
307,Mark Belanger,RIGHT,73,170,0.228,20,0.429411765,1,MODERATE
308,Ron Hunt,RIGHT,72,186,0.273,39,0.387096774,1,MODERATE
309,Joe Keough,LEFT,72,185,0.246,9,0.389189189,1,MODERATE
310,Butch Edge,RIGHT,75,203,0,0,0.369458128,0,HEAVY
311,Vic Correll,RIGHT,70,185,0.229,29,0.378378378,0,HEAVY
312,Jackie Hernandez,RIGHT,71,165,0.208,12,0.43030303,1,MODERATE
313,Tony Solaita,LEFT,72,210,0.255,50,0.342857143,0,HEAVY
314,U L Washington,BOTH,71,175,0.251,27,0.405714286,1,MODERATE
315,Gary Mielke,RIGHT,75,185,0,0,0.405405405,1,MODERATE
316,Rick Henninger,RIGHT,78,225,0,0,0.346666667,0,HEAVY
317,Joe Foy,RIGHT,72,215,0.248,58,0.334883721,0,HEAVY
318,Ed Goodson,LEFT,75,180,0.26,30,0.416666667,1,MODERATE
319,Mark Brown,BOTH,74,190,0,0,0.389473684,1,MODERATE
320,Mickey Klutts,RIGHT,71,170,0.241,14,0.417647059,1,MODERATE
321,Leroy Stanton,RIGHT,73,195,0.244,77,0.374358974,0,HEAVY
322,Rafael Vasquez,RIGHT,72,160,0,0,0.45,2,LEAN
323,Len Whitehouse,LEFT,71,175,0,0,0.405714286,1,MODERATE
324,Danny Ainge,RIGHT,76,175,0.22,2,0.434285714,1,MODERATE
325,Adolfo Phillips,RIGHT,73,175,0.247,59,0.417142857,1,MODERATE
326,Marv Breeding,RIGHT,72,175,0.25,7,0.411428571,1,MODERATE
327,Steve Adkins,RIGHT,78,210,0,0,0.371428571,0,HEAVY
328,Dick McAuliffe,LEFT,71,176,0.247,197,0.403409091,1,MODERATE
329,Joe Horlen,RIGHT,72,170,0.134,0,0.423529412,1,MODERATE
330,Glenn Burke,RIGHT,72,195,0.237,2,0.369230769,0,HEAVY
331,Tony Mack,RIGHT,70,177,0,0,0.395480226,1,MODERATE
332,Terry Humphrey,RIGHT,75,185,0.211,6,0.405405405,1,MODERATE
333,Bill Moran,RIGHT,76,210,0,0,0.361904762,0,HEAVY
334,Enzo Hernandez,RIGHT,68,155,0.224,2,0.438709677,2,LEAN
335,Cesar Gutierrez,RIGHT,69,155,0.235,0,0.44516129,2,LEAN
336,Coco Laboy,RIGHT,70,165,0.233,28,0.424242424,1,MODERATE
337,Ted Kubiak,BOTH,72,175,0.231,13,0.411428571,1,MODERATE
338,Jim Morrison,RIGHT,71,175,0.26,112,0.405714286,1,MODERATE
339,Tom Gilles,RIGHT,73,185,0,0,0.394594595,1,MODERATE
340,Bobby Knoop,RIGHT,73,170,0.236,56,0.429411765,1,MODERATE
341,Bobby Brown,BOTH,74,190,0.245,26,0.389473684,1,MODERATE
342,Tom Hutton,LEFT,71,180,0.248,22,0.394444444,1,MODERATE
343,Ron Hodges,LEFT,73,185,0.24,19,0.394594595,1,MODERATE
344,Rich Chiles,LEFT,71,170,0.254,6,0.417647059,1,MODERATE
345,Tom Paciorek,RIGHT,76,215,0.282,86,0.353488372,0,HEAVY
346,Gary Woods,RIGHT,74,185,0.243,13,0.4,1,MODERATE
347,Bob Montgomery,RIGHT,73,195,0.258,23,0.374358974,0,HEAVY
348,Jeff Burroughs,RIGHT,73,200,0.261,240,0.365,0,HEAVY
349,Rusty Staub,LEFT,74,190,0.279,292,0.389473684,1,MODERATE
350,Jim Norris,LEFT,70,175,0.264,7,0.4,1,MODERATE
351,Oscar Gamble,LEFT,71,160,0.265,200,0.44375,2,LEAN
352,Bob Kammeyer,RIGHT,76,210,0,0,0.361904762,0,HEAVY
353,George Vukovich,LEFT,72,198,0.268,27,0.363636364,0,HEAVY
354,Joe Pactwa,LEFT,71,185,0,0,0.383783784,1,MODERATE
355,Craig Reynolds,LEFT,73,175,0.256,42,0.417142857,1,MODERATE
356,Paul Blair,RIGHT,72,168,0.25,134,0.428571429,1,MODERATE
357,Al Cowens,RIGHT,73,197,0.27,108,0.370558376,0,HEAVY
358,Al Oliver,LEFT,72,195,0.303,219,0.369230769,0,HEAVY
359,Dave Hilton,RIGHT,71,191,0.213,6,0.371727749,0,HEAVY
360,Luis Alvarado,RIGHT,69,162,0.214,5,0.425925926,1,MODERATE
361,Larry Parrish,RIGHT,75,190,0.263,256,0.394736842,1,MODERATE
362,Woodie Fryman,RIGHT,75,197,0.138,2,0.38071066,1,MODERATE
363,Bob Randall,RIGHT,74,175,0.257,1,0.422857143,1,MODERATE
364,Jim Pankovits,RIGHT,70,170,0.25,9,0.411764706,1,MODERATE
365,Sherman Corbett,LEFT,76,205,0,0,0.370731707,0,HEAVY
366,Carmen Fanzone,RIGHT,72,200,0.224,20,0.36,0,HEAVY
367,Gary Allenson,RIGHT,71,185,0.221,19,0.383783784,1,MODERATE
368,Milt May,LEFT,72,190,0.263,77,0.378947368,0,HEAVY
369,Mike Vail,RIGHT,73,180,0.279,34,0.405555556,1,MODERATE
370,Nick Esasky,RIGHT,75,200,0.25,122,0.375,0,HEAVY
371,Jim Nettles,LEFT,72,186,0.22,16,0.387096774,1,MODERATE
372,Lafayette Currence,BOTH,71,175,0,0,0.405714286,1,MODERATE
373,Chris Cannizzaro,RIGHT,72,190,0.235,18,0.378947368,0,HEAVY
374,Larry Biittner,LEFT,74,205,0.273,29,0.36097561,0,HEAVY
375,John Pawlowski,RIGHT,74,175,0,0,0.422857143,1,MODERATE
376,Mel Stottlemyre,RIGHT,73,178,0.16,7,0.41011236,1,MODERATE
377,Jack Hardy,RIGHT,74,175,0,0,0.422857143,1,MODERATE
378,Ron Musselman,RIGHT,74,185,0,0,0.4,1,MODERATE
379,Roy Smalley,BOTH,73,185,0.257,163,0.394594595,1,MODERATE
380,Tony Chevez,RIGHT,71,177,0,0,0.401129944,1,MODERATE
381,Andy Messersmith,RIGHT,73,200,0.17,5,0.365,0,HEAVY
382,Richie Zisk,RIGHT,73,200,0.287,207,0.365,0,HEAVY
383,Dave Chalk,RIGHT,70,175,0.252,15,0.4,1,MODERATE
384,Don Baylor,RIGHT,73,190,0.26,338,0.384210526,1,MODERATE
385,John Vukovich,RIGHT,73,187,0.161,6,0.390374332,1,MODERATE
386,Danny Thompson,RIGHT,72,183,0.248,15,0.393442623,1,MODERATE
387,Joe Simpson,LEFT,75,175,0.242,9,0.428571429,1,MODERATE
388,Bill Fahey,LEFT,72,200,0.241,7,0.36,0,HEAVY
389,Doug Camilli,RIGHT,71,195,0.199,18,0.364102564,0,HEAVY
390,Bernie Allen,LEFT,72,175,0.239,73,0.411428571,1,MODERATE
391,Bruce Bochy,RIGHT,75,205,0.239,26,0.365853659,0,HEAVY
392,Gary Ignasiak,RIGHT,71,185,0,0,0.383783784,1,MODERATE
393,Claudell Washington,LEFT,72,190,0.278,164,0.378947368,0,HEAVY
394,John Donaldson,LEFT,71,160,0.238,4,0.44375,2,LEAN
395,Mike Smithson,LEFT,80,215,0,0,0.372093023,0,HEAVY
396,John Mayberry,LEFT,75,215,0.253,255,0.348837209,0,HEAVY
397,Ken Reitz,RIGHT,72,180,0.26,68,0.4,1,MODERATE
398,Amos Otis,RIGHT,71,165,0.277,193,0.43030303,1,MODERATE
399,Gene Alley,RIGHT,70,160,0.254,55,0.4375,2,LEAN
400,Ted Sizemore,RIGHT,70,165,0.262,23,0.424242424,1,MODERATE
401,Dan Briggs,LEFT,72,180,0.195,12,0.4,1,MODERATE
402,Joe Skalski,RIGHT,75,190,0,0,0.394736842,1,MODERATE
403,Doug Flynn,RIGHT,71,165,0.238,7,0.43030303,1,MODERATE
404,Bert Bradley,BOTH,73,190,0,0,0.384210526,1,MODERATE
405,Ken Holtzman,RIGHT,74,175,0.163,2,0.422857143,1,MODERATE
406,Pete Ward,LEFT,73,185,0.254,98,0.394594595,1,MODERATE
407,Kevin Bell,RIGHT,72,195,0.222,13,0.369230769,0,HEAVY
408,Tom Nieto,RIGHT,73,193,0.205,5,0.378238342,0,HEAVY
409,Duke Sims,LEFT,74,197,0.239,100,0.375634518,0,HEAVY
410,Larvell Blanks,RIGHT,68,167,0.253,20,0.407185629,1,MODERATE
411,Francisco Barrios,RIGHT,71,155,0,0,0.458064516,2,LEAN
412,Mike Davis,LEFT,74,175,0.259,91,0.422857143,1,MODERATE
413,Jerry Reuss,LEFT,77,200,0.167,1,0.385,1,MODERATE
414,Steve Yeager,RIGHT,72,190,0.228,102,0.378947368,0,HEAVY
415,Danny Goodwin,LEFT,73,195,0.236,13,0.374358974,0,HEAVY
416,Bud Harrelson,BOTH,71,160,0.236,7,0.44375,2,LEAN
417,Bob Knepper,LEFT,75,195,0.137,6,0.384615385,1,MODERATE
418,Mickey Rivers,LEFT,70,165,0.295,61,0.424242424,1,MODERATE
419,Jim Northrup,LEFT,75,190,0.267,153,0.394736842,1,MODERATE
420,John Hale,LEFT,74,195,0.201,14,0.379487179,1,MODERATE
421,Reggie Ritter,LEFT,74,195,0,0,0.379487179,1,MODERATE
422,Pedro Garcia,RIGHT,70,175,0.22,37,0.4,1,MODERATE
423,Carl Yastrzemski,LEFT,71,175,0.285,452,0.405714286,1,MODERATE
424,Bob Babcock,RIGHT,77,210,0,0,0.366666667,0,HEAVY
425,Craig Eaton,RIGHT,71,175,0,0,0.405714286,1,MODERATE
426,Derrel Thomas,BOTH,72,160,0.249,43,0.45,2,LEAN
427,Art Howe,RIGHT,74,190,0.26,43,0.389473684,1,MODERATE
428,Ike Brown,RIGHT,72,190,0.256,20,0.378947368,0,HEAVY
429,Howie Goss,RIGHT,76,204,0.216,11,0.37254902,0,HEAVY
430,Glenn Borgmann,RIGHT,76,210,0.229,16,0.361904762,0,HEAVY
431,Lamar Johnson,RIGHT,74,215,0.287,64,0.344186047,0,HEAVY
432,Julio Gonzalez,RIGHT,71,162,0.235,4,0.438271605,2,LEAN
433,Bobby Klaus,RIGHT,70,170,0.208,6,0.411764706,1,MODERATE
434,Manny Sanguillen,RIGHT,72,193,0.296,65,0.373056995,0,HEAVY
435,Gates Brown,LEFT,71,220,0.257,84,0.322727273,0,HEAVY
436,Johnny Ray,BOTH,71,170,0.29,53,0.417647059,1,MODERATE
437,Jesus Alou,RIGHT,74,190,0.28,32,0.389473684,1,MODERATE
438,Ken Landreaux,LEFT,70,165,0.268,91,0.424242424,1,MODERATE
439,Enos Cabell,RIGHT,76,170,0.277,60,0.447058824,2,LEAN
440,Roy Branch,RIGHT,72,175,0,0,0.411428571,1,MODERATE
441,Billy North,BOTH,71,185,0.261,20,0.383783784,1,MODERATE
442,Juan Beniquez,RIGHT,71,150,0.274,79,0.473333333,2,LEAN
443,Frank Fernandez,RIGHT,72,185,0.199,39,0.389189189,1,MODERATE
444,Bombo Rivera,RIGHT,70,187,0.265,10,0.374331551,0,HEAVY
445,Steve Brye,RIGHT,72,190,0.258,30,0.378947368,0,HEAVY
446,Ron Jackson,RIGHT,72,200,0.259,56,0.36,0,HEAVY
447,Roger Metzger,BOTH,72,165,0.231,5,0.436363636,2,LEAN
448,Rufino Linares,RIGHT,72,170,0.27,11,0.423529412,1,MODERATE
449,Ray Webster,LEFT,72,185,0.244,17,0.389189189,1,MODERATE
450,Bob Kearney,RIGHT,72,190,0.233,27,0.378947368,0,HEAVY
451,Fergie Jenkins,RIGHT,77,205,0.165,13,0.375609756,0,HEAVY
452,Dick Dietz,RIGHT,73,195,0.261,66,0.374358974,0,HEAVY
453,Ted Cox,RIGHT,75,195,0.245,10,0.384615385,1,MODERATE
454,Bobby Mitchell,LEFT,70,170,0.243,3,0.411764706,1,MODERATE
455,Bobby Mitchell,RIGHT,75,185,0.235,21,0.405405405,1,MODERATE
456,Barry Evans,RIGHT,73,180,0.251,2,0.405555556,1,MODERATE
457,Mickey Brantley,RIGHT,70,180,0.259,32,0.388888889,1,MODERATE
458,Al Gallagher,RIGHT,72,180,0.263,11,0.4,1,MODERATE
459,Rob Woodward,RIGHT,75,185,0,0,0.405405405,1,MODERATE
460,Hector Cruz,RIGHT,71,170,0.225,39,0.417647059,1,MODERATE
461,Fred Norman,BOTH,68,155,0.125,0,0.438709677,2,LEAN
462,Woody Woodward,RIGHT,74,180,0.236,1,0.411111111,1,MODERATE
463,Ted Martinez,RIGHT,72,165,0.24,7,0.436363636,2,LEAN
464,Jim Anderson,RIGHT,72,170,0.218,13,0.423529412,1,MODERATE
465,Lenn Sakata,RIGHT,69,160,0.23,25,0.43125,1,MODERATE
466,Dave Duncan,RIGHT,74,190,0.214,109,0.389473684,1,MODERATE
467,Randy Jones,RIGHT,72,178,0.132,0,0.404494382,1,MODERATE
468,Dick Billings,RIGHT,73,195,0.227,16,0.374358974,0,HEAVY
469,Bob Veselic,RIGHT,72,175,0,0,0.411428571,1,MODERATE
470,Bruce Bochte,LEFT,75,195,0.282,100,0.384615385,1,MODERATE
471,Bernie Carbo,LEFT,71,173,0.264,96,0.410404624,1,MODERATE
472,Vic Davalillo,LEFT,67,150,0.279,36,0.446666667,2,LEAN
473,Burt Hooton,RIGHT,73,210,0.123,4,0.347619048,0,HEAVY
474,Chuck Hockenbery,BOTH,73,195,0,0,0.374358974,0,HEAVY
475,Bob Ferris,RIGHT,78,225,0,0,0.346666667,0,HEAVY
476,Fernando Gonzalez,RIGHT,70,165,0.235,17,0.424242424,1,MODERATE
477,Jim Sundberg,RIGHT,72,190,0.248,95,0.378947368,0,HEAVY
478,Andy Kosco,RIGHT,75,205,0.236,73,0.365853659,0,HEAVY
479,Steve Huntz,BOTH,73,204,0.206,16,0.357843137,0,HEAVY
480,Gary Wheelock,RIGHT,75,205,0,0,0.365853659,0,HEAVY
481,Lenny Faedo,RIGHT,72,170,0.251,5,0.423529412,1,MODERATE
482,John Lowenstein,LEFT,72,175,0.253,116,0.411428571,1,MODERATE
483,Don Kessinger,BOTH,73,170,0.252,14,0.429411765,1,MODERATE
484,Joe Hague,LEFT,72,195,0.239,40,0.369230769,0,HEAVY
485,Bake McBride,LEFT,74,190,0.299,63,0.389473684,1,MODERATE
486,Dick Davis,RIGHT,75,190,0.265,27,0.394736842,1,MODERATE
487,Richie Scheinblum,BOTH,73,180,0.263,13,0.405555556,1,MODERATE
488,Ed Herrmann,LEFT,73,195,0.24,80,0.374358974,0,HEAVY
489,Mike Rochford,LEFT,76,205,0,0,0.370731707,0,HEAVY
490,Jeff Schneider,BOTH,75,195,0,0,0.384615385,1,MODERATE
491,Bob Molinaro,LEFT,72,190,0.264,14,0.378947368,0,HEAVY
492,Mike Hegan,LEFT,73,188,0.242,53,0.388297872,1,MODERATE
493,Mike Diaz,RIGHT,74,195,0.247,31,0.379487179,1,MODERATE
494,Tim Foli,RIGHT,72,179,0.251,25,0.402234637,1,MODERATE
495,Alan Knicely,RIGHT,72,190,0.213,12,0.378947368,0,HEAVY
496,Tim Laudner,RIGHT,75,212,0.225,77,0.353773585,0,HEAVY
497,Jose Morales,RIGHT,71,187,0.287,26,0.379679144,1,MODERATE
498,Luis Encarnacion,RIGHT,70,178,0,0,0.393258427,1,MODERATE
499,Rick Kreuger,RIGHT,74,185,0,0,0.4,1,MODERATE
500,Juan Marichal,RIGHT,72,185,0.165,4,0.389189189,1,MODERATE
501,Vida Blue,BOTH,72,189,0.104,4,0.380952381,1,MODERATE
502,Angel Moreno,LEFT,69,165,0,0,0.418181818,1,MODERATE
503,Roger Weaver,RIGHT,75,190,0,0,0.394736842,1,MODERATE
504,Stan Papi,RIGHT,72,170,0.218,7,0.423529412,1,MODERATE
505,Rob Wilfong,LEFT,73,180,0.248,39,0.405555556,1,MODERATE
506,Chris Knapp,RIGHT,77,195,0,0,0.394871795,1,MODERATE
507,Steve Henderson,RIGHT,74,190,0.28,68,0.389473684,1,MODERATE
508,Rob Picciolo,RIGHT,74,185,0.234,17,0.4,1,MODERATE
509,Don Welchel,RIGHT,76,205,0,0,0.370731707,0,HEAVY
510,Randy Wiles,LEFT,73,185,0,0,0.394594595,1,MODERATE
511,Roberto Pena,RIGHT,68,170,0.245,13,0.4,1,MODERATE
512,Bob Dernier,RIGHT,72,160,0.255,23,0.45,2,LEAN
513,Bill Melton,RIGHT,74,200,0.253,160,0.37,0,HEAVY
514,Albert Hall,BOTH,71,155,0.251,5,0.458064516,2,LEAN
515,Barbaro Garbey,RIGHT,70,170,0.267,11,0.411764706,1,MODERATE
516,John Milner,LEFT,72,185,0.249,131,0.389189189,1,MODERATE
517,Rich Reese,LEFT,75,185,0.253,52,0.405405405,1,MODERATE
518,Chris Bando,BOTH,72,195,0.227,27,0.369230769,0,HEAVY
519,Bill Buckner,LEFT,72,185,0.289,174,0.389189189,1,MODERATE
520,Jack Hiatt,RIGHT,74,190,0.251,22,0.389473684,1,MODERATE
521,Nelson Mathews,RIGHT,76,195,0.223,22,0.38974359,1,MODERATE
522,Larry Lintz,BOTH,69,150,0.227,0,0.46,2,LEAN
523,Ron Theobald,RIGHT,68,165,0.248,2,0.412121212,1,MODERATE
524,Dewey Robinson,RIGHT,72,180,0,0,0.4,1,MODERATE
525,Rafael Santana,RIGHT,73,165,0.246,13,0.442424242,2,LEAN
526,Jerry Hairston,BOTH,70,170,0.258,30,0.411764706,1,MODERATE
527,Tony Arnold,RIGHT,71,170,0,0,0.417647059,1,MODERATE
528,Jeff Schattinger,LEFT,77,200,0,0,0.385,1,MODERATE
529,Ike Brookens,RIGHT,77,170,0,0,0.452941176,2,LEAN
530,Tommie Aaron,RIGHT,75,190,0.229,13,0.394736842,1,MODERATE
531,Steve Dillard,RIGHT,73,180,0.243,13,0.405555556,1,MODERATE
532,Win Remmerswaal,RIGHT,74,160,0,0,0.4625,2,LEAN
533,Jeff Peterek,RIGHT,74,195,0,0,0.379487179,1,MODERATE
534,George Scott,RIGHT,74,200,0.268,271,0.37,0,HEAVY
535,Jeff Shaver,RIGHT,75,195,0,0,0.384615385,1,MODERATE
536,Ken Walters,RIGHT,73,180,0.231,11,0.405555556,1,MODERATE
537,Gorman Thomas,RIGHT,74,210,0.225,268,0.352380952,0,HEAVY
538,Paul Dade,RIGHT,73,185,0.27,10,0.394594595,1,MODERATE
539,Darrell Porter,LEFT,72,193,0.247,188,0.373056995,0,HEAVY
540,Tim Johnson,LEFT,73,170,0.223,0,0.429411765,1,MODERATE
541,Fred Stanley,RIGHT,70,165,0.216,10,0.424242424,1,MODERATE
542,Larry Bowa,BOTH,70,155,0.26,15,0.451612903,2,LEAN
543,Tim Corcoran,LEFT,71,175,0.27,12,0.405714286,1,MODERATE
544,Jim Spencer,LEFT,74,195,0.25,146,0.379487179,1,MODERATE
545,Pete LaCock,LEFT,74,200,0.257,27,0.37,0,HEAVY
546,Carl Morton,RIGHT,72,200,0.156,7,0.36,0,HEAVY
547,Gary Gray,RIGHT,72,187,0.24,24,0.385026738,1,MODERATE
548,Matty Alou,LEFT,69,160,0.307,31,0.43125,1,MODERATE
549,Pete Filson,BOTH,74,195,0,0,0.379487179,1,MODERATE
550,Jim Dwyer,LEFT,70,165,0.26,77,0.424242424,1,MODERATE
551,Dalton Jones,LEFT,73,180,0.235,41,0.405555556,1,MODERATE
552,Rennie Stennett,RIGHT,71,160,0.274,41,0.44375,2,LEAN
553,Jim Gideon,RIGHT,75,190,0,0,0.394736842,1,MODERATE
554,Jerry May,RIGHT,74,190,0.234,15,0.389473684,1,MODERATE
555,Rich McKinney,RIGHT,71,185,0.225,20,0.383783784,1,MODERATE
556,Clint Hurdle,LEFT,75,195,0.259,32,0.384615385,1,MODERATE
557,Mike Andrews,RIGHT,75,195,0.258,66,0.384615385,1,MODERATE
558,Bobby Clark,RIGHT,72,190,0.239,19,0.378947368,0,HEAVY
559,Jeff Twitty,LEFT,74,185,0,0,0.4,1,MODERATE
560,Cliff Johnson,RIGHT,76,215,0.258,196,0.353488372,0,HEAVY
561,Steve Cummings,BOTH,74,200,0,0,0.37,0,HEAVY
562,Donn Clendenon,RIGHT,76,209,0.274,159,0.363636364,0,HEAVY
563,Charlie James,RIGHT,73,195,0.255,29,0.374358974,0,HEAVY
564,Bob Horner,RIGHT,73,195,0.277,218,0.374358974,0,HEAVY
565,Tom Veryzer,RIGHT,73,175,0.241,14,0.417142857,1,MODERATE
566,Jose Cecena,RIGHT,71,180,0,0,0.394444444,1,MODERATE
567,George Smith,RIGHT,70,170,0.205,9,0.411764706,1,MODERATE
568,Jim Essian,RIGHT,74,195,0.244,33,0.379487179,1,MODERATE
569,Onix Concepcion,RIGHT,66,160,0.239,3,0.4125,1,MODERATE
570,Boots Day,LEFT,69,160,0.256,8,0.43125,1,MODERATE
571,Brian Giles,RIGHT,73,165,0.228,10,0.442424242,2,LEAN
572,Garry Maddox,RIGHT,75,175,0.285,117,0.428571429,1,MODERATE
573,Alex Trevino,RIGHT,70,165,0.249,23,0.424242424,1,MODERATE
574,Jim Price,RIGHT,72,192,0.214,18,0.375,0,HEAVY
575,Felix Millan,RIGHT,71,172,0.279,22,0.412790698,1,MODERATE
576,Steve Garvey,RIGHT,70,192,0.294,272,0.364583333,0,HEAVY
577,Don Mincher,LEFT,75,205,0.249,200,0.365853659,0,HEAVY
578,Greg Erardi,RIGHT,73,190,0,0,0.384210526,1,MODERATE
579,Jim Farr,RIGHT,73,195,0,0,0.374358974,0,HEAVY
580,Tony Cloninger,RIGHT,72,210,0.192,11,0.342857143,0,HEAVY
581,Jim Gosger,LEFT,71,185,0.226,30,0.383783784,1,MODERATE
582,Chuck Harrison,RIGHT,70,185,0.238,17,0.378378378,0,HEAVY
583,Mike Ivie,RIGHT,75,205,0.269,81,0.365853659,0,HEAVY
584,Frank Dimichele,RIGHT,75,205,0,0,0.365853659,0,HEAVY
585,Bob Veale,BOTH,78,212,0.114,0,0.367924528,0,HEAVY
586,Marvell Wynne,LEFT,71,175,0.247,40,0.405714286,1,MODERATE
587,Dusty Baker,RIGHT,74,183,0.278,242,0.404371585,1,MODERATE
588,Tucker Ashford,RIGHT,73,195,0.218,6,0.374358974,0,HEAVY
589,Ned Yost,RIGHT,73,190,0.212,16,0.384210526,1,MODERATE
590,Bob Stinson,BOTH,71,180,0.25,33,0.394444444,1,MODERATE
591,Mike Warren,RIGHT,73,175,0,0,0.417142857,1,MODERATE
592,Gaylord Perry,RIGHT,76,205,0.131,6,0.370731707,0,HEAVY
593,Dave Marshall,LEFT,73,182,0.246,16,0.401098901,1,MODERATE
594,Mickey Hatcher,RIGHT,74,200,0.28,38,0.37,0,HEAVY
595,Roger Repoz,LEFT,75,190,0.224,82,0.394736842,1,MODERATE
596,Bill Fulton,RIGHT,75,195,0,0,0.384615385,1,MODERATE
597,John Orsino,RIGHT,75,215,0.249,40,0.348837209,0,HEAVY
598,Larry Anderson,RIGHT,75,190,0,0,0.394736842,1,MODERATE
599,Johnny Briggs,LEFT,73,190,0.253,139,0.384210526,1,MODERATE
600,Craig Mitchell,RIGHT,75,180,0,0,0.416666667,1,MODERATE
601,Dave Hostetler,RIGHT,76,215,0.229,37,0.353488372,0,HEAVY
602,Bob Jones,LEFT,74,195,0.221,20,0.379487179,1,MODERATE
603,Keith Hernandez,LEFT,72,180,0.296,162,0.4,1,MODERATE
604,Alfredo Martinez,RIGHT,75,185,0,0,0.405405405,1,MODERATE
605,Dean Chance,RIGHT,75,200,0.066,0,0.375,0,HEAVY
606,Willie Upshaw,LEFT,72,185,0.262,123,0.389189189,1,MODERATE
607,Dick Green,RIGHT,70,180,0.24,80,0.388888889,1,MODERATE
608,Dane Iorg,LEFT,72,180,0.276,14,0.4,1,MODERATE
609,Richie Hebner,LEFT,73,195,0.276,203,0.374358974,0,HEAVY
610,Fran Healy,RIGHT,77,220,0.25,20,0.35,0,HEAVY
611,Doc Edwards,RIGHT,74,215,0.238,15,0.344186047,0,HEAVY
612,Sandy Alomar,BOTH,69,140,0.245,13,0.492857143,2,LEAN
613,Joe Strain,RIGHT,70,169,0.25,1,0.414201183,1,MODERATE
614,Gene Richards,LEFT,72,175,0.29,26,0.411428571,1,MODERATE
615,Buddy Bell,RIGHT,73,180,0.279,201,0.405555556,1,MODERATE
616,Al Woods,LEFT,75,190,0.271,35,0.394736842,1,MODERATE
617,Rudy Law,LEFT,73,165,0.271,18,0.442424242,2,LEAN
618,Joel Davis,LEFT,77,205,0,0,0.375609756,0,HEAVY
619,Jody Davis,RIGHT,76,192,0.245,127,0.395833333,1,MODERATE
620,Mike Edwards,RIGHT,70,154,0.25,2,0.454545455,2,LEAN
621,Bill Mooneyham,RIGHT,72,175,0,0,0.411428571,1,MODERATE
622,John Hobbs,RIGHT,75,190,0,0,0.394736842,1,MODERATE
623,Deron Johnson,RIGHT,74,200,0.244,245,0.37,0,HEAVY
624,John Denny,RIGHT,75,185,0.17,0,0.405405405,1,MODERATE
625,Don Wert,RIGHT,70,162,0.242,77,0.432098765,1,MODERATE
626,Mike Fiore,LEFT,72,175,0.227,13,0.411428571,1,MODERATE
627,Miguel Dilone,BOTH,72,160,0.265,6,0.45,2,LEAN
628,Greg Luzinski,RIGHT,73,220,0.276,307,0.331818182,0,HEAVY
629,Bobby Tolan,LEFT,71,170,0.265,86,0.417647059,1,MODERATE
630,Karl Best,RIGHT,76,190,0,0,0.4,1,MODERATE
631,Steve Barr,LEFT,76,200,0,0,0.38,1,MODERATE
632,Ron Woods,RIGHT,70,168,0.233,26,0.416666667,1,MODERATE
633,Tony Horton,RIGHT,75,210,0.268,76,0.357142857,0,HEAVY
634,Randy Hundley,RIGHT,71,170,0.236,82,0.417647059,1,MODERATE
635,Jose Tartabull,LEFT,71,165,0.261,2,0.43030303,1,MODERATE
636,Ben Oglivie,LEFT,74,160,0.273,235,0.4625,2,LEAN
637,Luis Sanchez,RIGHT,74,170,0,0,0.435294118,1,MODERATE
638,Bob Johnson,RIGHT,70,175,0.272,44,0.4,1,MODERATE
639,Don Buford,BOTH,67,160,0.264,93,0.41875,1,MODERATE
640,Duane Kuiper,LEFT,72,175,0.271,1,0.411428571,1,MODERATE
641,Brant Alyea,RIGHT,75,215,0.247,38,0.348837209,0,HEAVY
642,Jerry Narron,LEFT,75,205,0.211,21,0.365853659,0,HEAVY
643,Lou Johnson,RIGHT,71,170,0.258,48,0.417647059,1,MODERATE
644,Ken Retzer,LEFT,72,185,0.264,14,0.389189189,1,MODERATE
645,Mike Brown,RIGHT,74,195,0.265,23,0.379487179,1,MODERATE
646,Mike Brown,RIGHT,74,195,0,0,0.379487179,1,MODERATE
647,Greg Walker,LEFT,75,205,0.26,113,0.365853659,0,HEAVY
648,Terry Harper,RIGHT,76,195,0.253,36,0.38974359,1,MODERATE
649,Jerry Royster,RIGHT,72,165,0.249,40,0.436363636,2,LEAN
650,Steve Davis,LEFT,73,195,0,0,0.374358974,0,HEAVY
651,Jeff Rineer,LEFT,76,205,0,0,0.370731707,0,HEAVY
652,Barry Bonnell,RIGHT,75,190,0.272,56,0.394736842,1,MODERATE
653,Tom Seaver,RIGHT,73,195,0.154,12,0.374358974,0,HEAVY
654,Jerry Martin,RIGHT,73,195,0.251,85,0.374358974,0,HEAVY
655,Bill Stein,RIGHT,70,170,0.267,44,0.411764706,1,MODERATE
656,Joel Youngblood,RIGHT,72,180,0.265,80,0.4,1,MODERATE
657,Reggie Jackson,LEFT,72,195,0.262,563,0.369230769,0,HEAVY
658,Sonny Jackson,LEFT,69,150,0.251,7,0.46,2,LEAN
659,Mark Mercer,LEFT,77,220,0,0,0.35,0,HEAVY
660,Rodney Scott,BOTH,72,160,0.236,3,0.45,2,LEAN
661,Rich Coggins,LEFT,68,170,0.265,12,0.4,1,MODERATE
662,Phil Gagliano,RIGHT,73,180,0.238,14,0.405555556,1,MODERATE
663,Jerry McNertney,RIGHT,72,180,0.237,27,0.4,1,MODERATE
664,Mitchell Page,LEFT,74,205,0.266,72,0.36097561,0,HEAVY
665,Kiko Garcia,RIGHT,71,180,0.239,12,0.394444444,1,MODERATE
666,Larry Milbourne,BOTH,72,161,0.254,11,0.447204969,2,LEAN
667,Bill Sudakis,BOTH,73,190,0.234,59,0.384210526,1,MODERATE
668,John Caneira,RIGHT,75,180,0,0,0.416666667,1,MODERATE
669,Domingo Ramos,RIGHT,70,154,0.24,8,0.454545455,2,LEAN
670,Ron Oester,BOTH,74,185,0.265,42,0.4,1,MODERATE
671,Glenn Adams,LEFT,73,180,0.28,34,0.405555556,1,MODERATE
672,Clint Zavaras,RIGHT,73,175,0,0,0.417142857,1,MODERATE
673,Joe Morgan,LEFT,67,160,0.271,268,0.41875,1,MODERATE
674,R.J. Reynolds,BOTH,72,190,0.267,35,0.378947368,0,HEAVY
675,Mike Parrott,RIGHT,76,210,0,0,0.361904762,0,HEAVY
676,Lee Thomas,LEFT,74,195,0.255,106,0.379487179,1,MODERATE
677,Ray Fosse,RIGHT,74,215,0.256,61,0.344186047,0,HEAVY
678,Paul Popovich,BOTH,72,175,0.233,14,0.411428571,1,MODERATE
679,John Stephenson,LEFT,71,180,0.216,12,0.394444444,1,MODERATE
680,Doug Clemens,LEFT,72,180,0.229,12,0.4,1,MODERATE
681,Luis Aponte,RIGHT,72,185,0,0,0.389189189,1,MODERATE
682,Orlando Mercado,RIGHT,72,180,0.199,7,0.4,1,MODERATE
683,Charley Smith,RIGHT,73,170,0.239,69,0.429411765,1,MODERATE
684,Paul Boris,RIGHT,74,200,0,0,0.37,0,HEAVY
685,Buddy Biancalana,BOTH,71,160,0.205,6,0.44375,2,LEAN
686,De Wayne Buice,RIGHT,72,170,0,0,0.423529412,1,MODERATE
687,Bob Uecker,RIGHT,73,190,0.2,14,0.384210526,1,MODERATE
688,Felix Torres,RIGHT,71,165,0.254,27,0.43030303,1,MODERATE
689,Steve Braun,LEFT,70,180,0.271,52,0.388888889,1,MODERATE
690,Ray Knight,RIGHT,73,185,0.271,84,0.394594595,1,MODERATE
691,Ty Cline,LEFT,72,170,0.238,6,0.423529412,1,MODERATE
692,Thad Bosley,LEFT,75,175,0.272,20,0.428571429,1,MODERATE
693,Bobby Grich,RIGHT,74,180,0.266,224,0.411111111,1,MODERATE
694,Jimmie Hall,LEFT,72,175,0.254,121,0.411428571,1,MODERATE
695,John Boccabella,RIGHT,73,195,0.219,26,0.374358974,0,HEAVY
696,Brock Davis,LEFT,70,160,0.26,1,0.4375,2,LEAN
697,Mark Esser,RIGHT,73,190,0,0,0.384210526,1,MODERATE
698,Curt Blefary,LEFT,74,195,0.237,112,0.379487179,1,MODERATE
699,Daryl Smith,RIGHT,76,185,0,0,0.410810811,1,MODERATE
700,Dave Smith,RIGHT,73,190,0,0,0.384210526,1,MODERATE
701,Mack Jones,LEFT,73,180,0.252,133,0.405555556,1,MODERATE
702,Buddy Bradford,RIGHT,71,170,0.226,52,0.417647059,1,MODERATE
703,Hosken Powell,LEFT,73,175,0.259,17,0.417142857,1,MODERATE
704,Dave Stapleton,LEFT,73,185,0,0,0.394594595,1,MODERATE
705,Dave Stapleton,RIGHT,73,178,0.271,41,0.41011236,1,MODERATE
706,Gary Ward,RIGHT,74,195,0.276,130,0.379487179,1,MODERATE
707,Jim Lonborg,RIGHT,77,200,0.136,3,0.385,1,MODERATE
708,Joe Lis,RIGHT,72,175,0.233,32,0.411428571,1,MODERATE
709,Dan Meyer,LEFT,71,180,0.253,86,0.394444444,1,MODERATE
710,Jim Holt,LEFT,72,180,0.265,19,0.4,1,MODERATE
711,Tom Klawitter,RIGHT,74,190,0,0,0.389473684,1,MODERATE
712,Larry Herndon,RIGHT,75,190,0.274,107,0.394736842,1,MODERATE
713,Gary Christenson,LEFT,77,200,0,0,0.385,1,MODERATE
714,Jim Wright,RIGHT,77,205,0,0,0.375609756,0,HEAVY
715,Jim Wright,RIGHT,73,165,0,0,0.442424242,2,LEAN
716,Wallace Johnson,BOTH,72,173,0.255,5,0.416184971,1,MODERATE
717,Mike Kinnunen,LEFT,73,185,0,0,0.394594595,1,MODERATE
718,Eddie Leon,RIGHT,72,170,0.236,24,0.423529412,1,MODERATE
719,Dave Rajsich,LEFT,77,175,0,0,0.44,2,LEAN
720,Jim Wohlford,RIGHT,71,175,0.26,21,0.405714286,1,MODERATE
721,J.R. Richard,RIGHT,80,222,0.168,10,0.36036036,0,HEAVY
722,Bill Voss,LEFT,74,160,0.227,19,0.4625,2,LEAN
723,Keith Moreland,RIGHT,72,190,0.279,121,0.378947368,0,HEAVY
724,Ramon Pena,RIGHT,70,155,0,0,0.451612903,2,LEAN
725,Alex Johnson,RIGHT,72,205,0.288,78,0.351219512,0,HEAVY
726,Wayne Krenchicki,LEFT,73,180,0.266,15,0.405555556,1,MODERATE
727,Chico Escarrega,RIGHT,71,185,0,0,0.383783784,1,MODERATE
728,Dave Rosello,RIGHT,71,160,0.236,10,0.44375,2,LEAN
729,Cardell Camper,RIGHT,75,208,0,0,0.360576923,0,HEAVY
730,Paul Schaal,RIGHT,71,165,0.244,57,0.43030303,1,MODERATE
731,Tito Landrum,RIGHT,71,175,0.249,13,0.405714286,1,MODERATE
732,Dave Edwards,RIGHT,72,170,0.237,14,0.423529412,1,MODERATE
733,Mario Guerrero,RIGHT,70,155,0.257,7,0.451612903,2,LEAN
734,Tom Tresh,BOTH,73,180,0.245,153,0.405555556,1,MODERATE
735,Mike Overy,RIGHT,74,190,0,0,0.389473684,1,MODERATE
736,Ron Roenicke,BOTH,72,180,0.238,17,0.4,1,MODERATE
737,Doug Griffin,RIGHT,72,160,0.245,7,0.45,2,LEAN
738,Steve Blass,RIGHT,72,165,0.172,1,0.436363636,2,LEAN
739,Johnnie LeMaster,RIGHT,74,165,0.222,22,0.448484848,2,LEAN
740,Craig Chamberlain,RIGHT,73,190,0,0,0.384210526,1,MODERATE
741,Nate Oliver,RIGHT,70,160,0.226,2,0.4375,2,LEAN
742,Ray Sadecki,LEFT,71,180,0.191,5,0.394444444,1,MODERATE
743,Ken Rudolph,RIGHT,73,180,0.213,6,0.405555556,1,MODERATE
744,Wayne Nordhagen,RIGHT,74,205,0.282,39,0.36097561,0,HEAVY
745,Biff Pocoroba,BOTH,70,175,0.257,21,0.4,1,MODERATE
746,Len Matuszek,LEFT,74,190,0.234,30,0.389473684,1,MODERATE
747,Frank Eufemia,RIGHT,71,185,0,0,0.383783784,1,MODERATE
748,Joe Lefebvre,LEFT,70,170,0.258,31,0.411764706,1,MODERATE
749,Jim Maloney,LEFT,74,190,0.201,7,0.389473684,1,MODERATE
750,Andre Robertson,RIGHT,70,155,0.251,5,0.451612903,2,LEAN
751,Jerry Zimmerman,RIGHT,74,185,0.204,3,0.4,1,MODERATE
752,Jack Lazorko,RIGHT,71,200,0,0,0.355,0,HEAVY
753,Mike Paxton,RIGHT,71,190,0,0,0.373684211,0,HEAVY
754,Chet Lemon,RIGHT,72,190,0.273,215,0.378947368,0,HEAVY
755,Rickey Keeton,RIGHT,74,190,0,0,0.389473684,1,MODERATE
756,Phil Mankowski,LEFT,72,180,0.264,8,0.4,1,MODERATE
757,Cleon Jones,RIGHT,72,185,0.281,93,0.389189189,1,MODERATE
758,Joaquin Andujar,BOTH,72,170,0.127,5,0.423529412,1,MODERATE
759,Mike Lum,LEFT,72,180,0.247,90,0.4,1,MODERATE
760,Johnny Grubb,LEFT,75,175,0.278,99,0.428571429,1,MODERATE
761,Curt Motton,RIGHT,68,164,0.213,25,0.414634146,1,MODERATE
762,Johnny Bench,RIGHT,73,197,0.267,389,0.370558376,0,HEAVY
763,Dale Berra,RIGHT,72,180,0.236,49,0.4,1,MODERATE
764,Terry Felton,RIGHT,73,180,0,0,0.405555556,1,MODERATE
765,Bob Meacham,BOTH,73,175,0.236,8,0.417142857,1,MODERATE
766,Mark Clear,RIGHT,76,200,0,0,0.38,1,MODERATE
767,Carl Warwick,RIGHT,70,170,0.248,31,0.411764706,1,MODERATE
768,Sam Bowens,RIGHT,73,188,0.223,45,0.388297872,1,MODERATE
769,George Wright,BOTH,71,180,0.245,42,0.394444444,1,MODERATE
770,Luis Aguayo,RIGHT,69,173,0.236,37,0.398843931,1,MODERATE
771,Hal Lanier,RIGHT,74,180,0.228,8,0.411111111,1,MODERATE
772,Mike Pazik,LEFT,74,195,0,0,0.379487179,1,MODERATE
773,Len Randle,BOTH,70,169,0.257,27,0.414201183,1,MODERATE
774,Greg Pryor,RIGHT,72,180,0.25,14,0.4,1,MODERATE
775,Jim Traber,LEFT,72,194,0.227,27,0.371134021,0,HEAVY
776,Dave Nelson,RIGHT,70,160,0.244,20,0.4375,2,LEAN
777,Lynn Jones,RIGHT,69,175,0.252,7,0.394285714,1,MODERATE
778,Bryan Little,BOTH,70,160,0.245,3,0.4375,2,LEAN
779,Ken Suarez,RIGHT,69,175,0.227,5,0.394285714,1,MODERATE
780,Rick Peters,BOTH,69,170,0.277,2,0.405882353,1,MODERATE
781,Ron Stone,LEFT,74,185,0.241,6,0.4,1,MODERATE
782,Rich Barnes,RIGHT,76,186,0,0,0.408602151,1,MODERATE
783,Tommie Agee,RIGHT,71,195,0.255,130,0.364102564,0,HEAVY
784,Bob Bailey,RIGHT,73,180,0.257,189,0.405555556,1,MODERATE
785,Cap Peterson,RIGHT,74,195,0.23,19,0.379487179,1,MODERATE
786,Ted Uhlaender,LEFT,74,190,0.263,36,0.389473684,1,MODERATE
787,Ted Simmons,BOTH,71,193,0.285,248,0.367875648,0,HEAVY
788,Bobby Murcer,LEFT,71,160,0.277,252,0.44375,2,LEAN
789,Dick Tracewski,RIGHT,71,160,0.213,8,0.44375,2,LEAN
790,Dave Frost,RIGHT,78,235,0,0,0.331914894,0,HEAVY
791,Mark Souza,LEFT,72,180,0,0,0.4,1,MODERATE
792,Bill Nahorodny,RIGHT,74,200,0.241,25,0.37,0,HEAVY
793,Bill Madlock,RIGHT,71,180,0.305,163,0.394444444,1,MODERATE
794,Bob Boone,RIGHT,74,195,0.254,105,0.379487179,1,MODERATE
795,Rick Jones,LEFT,77,190,0,0,0.405263158,1,MODERATE
796,Steve Kemp,LEFT,72,195,0.278,130,0.369230769,0,HEAVY
797,Rick Burleson,RIGHT,70,165,0.273,50,0.424242424,1,MODERATE
798,Jim Dorsey,RIGHT,79,190,0,0,0.415789474,1,MODERATE
799,Mark Ciardi,RIGHT,72,180,0,0,0.4,1,MODERATE
800,Dennis Burtt,RIGHT,72,180,0,0,0.4,1,MODERATE
801,Carl Taylor,RIGHT,74,200,0.266,10,0.37,0,HEAVY
802,Terry Harmon,RIGHT,74,180,0.233,4,0.411111111,1,MODERATE
803,Mike Hargrove,LEFT,72,195,0.29,80,0.369230769,0,HEAVY
804,Rich Yett,RIGHT,74,187,0,0,0.395721925,1,MODERATE
805,Steve Hovley,LEFT,70,188,0.258,8,0.372340426,0,HEAVY
806,Don Leppert,RIGHT,74,220,0.229,15,0.336363636,0,HEAVY
807,Matt Williams,RIGHT,73,200,0,0,0.365,0,HEAVY
808,Jim Burton,RIGHT,75,195,0,0,0.384615385,1,MODERATE
809,Rick Anderson,RIGHT,74,210,0,0,0.352380952,0,HEAVY
810,Charlie Mitchell,RIGHT,75,170,0,0,0.441176471,2,LEAN
811,Bill Paschall,RIGHT,72,175,0,0,0.411428571,1,MODERATE
812,John Bohnet,BOTH,72,175,0,0,0.411428571,1,MODERATE
813,Byron McLaughlin,RIGHT,73,175,0,0,0.417142857,1,MODERATE
814,Lee May,RIGHT,75,195,0.267,354,0.384615385,1,MODERATE
815,Luis Quintana,LEFT,74,175,0,0,0.422857143,1,MODERATE
816,Sam McDowell,LEFT,77,190,0.154,2,0.405263158,1,MODERATE
817,Rick Renick,RIGHT,72,188,0.221,20,0.382978723,1,MODERATE
818,Jeff Torborg,RIGHT,72,195,0.214,8,0.369230769,0,HEAVY
819,Dave Campbell,RIGHT,73,180,0.213,20,0.405555556,1,MODERATE
820,Pat Kelly,LEFT,73,185,0.264,76,0.394594595,1,MODERATE
821,Al Weis,BOTH,72,160,0.219,7,0.45,2,LEAN
822,Jerry Turner,LEFT,69,180,0.257,45,0.383333333,1,MODERATE
823,Rick Auerbach,RIGHT,72,165,0.22,9,0.436363636,2,LEAN
824,Keith Macwhorter,RIGHT,76,190,0,0,0.4,1,MODERATE
825,Don Wilson,RIGHT,74,195,0.146,1,0.379487179,1,MODERATE
826,Jaime Cocanower,RIGHT,76,200,0,0,0.38,1,MODERATE
827,Jeff Sellers,RIGHT,73,175,0,0,0.417142857,1,MODERATE
828,Sandy Valdespino,LEFT,68,170,0.23,7,0.4,1,MODERATE
829,Steve Senteney,RIGHT,74,205,0,0,0.36097561,0,HEAVY
830,Howard Bailey,RIGHT,72,195,0,0,0.369230769,0,HEAVY
831,Jeff Bettendorf,RIGHT,75,180,0,0,0.416666667,1,MODERATE
832,Ken Phelps,LEFT,73,209,0.239,123,0.349282297,0,HEAVY
833,Cesar Cedeno,RIGHT,74,175,0.285,199,0.422857143,1,MODERATE
834,Bob Davidson,RIGHT,72,185,0,0,0.389189189,1,MODERATE
835,Phil Linz,RIGHT,73,180,0.235,11,0.405555556,1,MODERATE
836,Manny Mota,RIGHT,70,160,0.304,31,0.4375,2,LEAN
837,Brian Snyder,LEFT,75,185,0,0,0.405405405,1,MODERATE
838,Steve Renko,RIGHT,77,230,0.215,6,0.334782609,0,HEAVY
839,Rick Sofield,LEFT,73,195,0.243,9,0.374358974,0,HEAVY
840,Carlos Velazquez,RIGHT,71,180,0,0,0.394444444,1,MODERATE
841,Roger Miller,RIGHT,75,200,0,0,0.375,0,HEAVY
842,Doug DeCinces,RIGHT,74,190,0.259,237,0.389473684,1,MODERATE
843,John Castino,RIGHT,71,175,0.278,41,0.405714286,1,MODERATE
844,Dave May,LEFT,70,186,0.251,96,0.376344086,0,HEAVY
845,Ron Washington,RIGHT,71,155,0.261,20,0.458064516,2,LEAN
846,Billy Grabarkewitz,RIGHT,70,165,0.236,28,0.424242424,1,MODERATE
847,Willie Aikens,LEFT,75,220,0.271,110,0.340909091,0,HEAVY
848,Earl Williams,RIGHT,75,215,0.247,138,0.348837209,0,HEAVY
849,Willie Mueller,RIGHT,76,220,0,0,0.345454545,0,HEAVY
850,John Flinn,RIGHT,72,175,0,0,0.411428571,1,MODERATE
851,Don Hahn,RIGHT,73,180,0.236,7,0.405555556,1,MODERATE
852,Todd Cruz,RIGHT,72,175,0.22,34,0.411428571,1,MODERATE
853,Tom Egan,RIGHT,76,218,0.2,22,0.348623853,0,HEAVY
854,Bob Heise,RIGHT,72,175,0.247,1,0.411428571,1,MODERATE
855,Tommy Harper,RIGHT,69,165,0.257,146,0.418181818,1,MODERATE
856,Joe Wallis,BOTH,71,180,0.244,16,0.394444444,1,MODERATE
857,Max Alvis,RIGHT,71,185,0.247,111,0.383783784,1,MODERATE
858,Rico Carty,RIGHT,75,200,0.299,204,0.375,0,HEAVY
859,Mike Cubbage,LEFT,72,180,0.258,34,0.4,1,MODERATE
860,Les Straker,RIGHT,73,193,0,0,0.378238342,0,HEAVY
861,Merritt Ranew,LEFT,71,170,0.247,8,0.417647059,1,MODERATE
862,Lyman Bostock,LEFT,73,180,0.311,23,0.405555556,1,MODERATE
863,Damaso Garcia,RIGHT,73,165,0.283,36,0.442424242,2,LEAN
864,Don Kainer,RIGHT,75,205,0,0,0.365853659,0,HEAVY
865,Don Gordon,RIGHT,73,175,0,0,0.417142857,1,MODERATE
866,Roy Howell,LEFT,73,190,0.261,80,0.384210526,1,MODERATE
867,Boog Powell,LEFT,76,230,0.266,339,0.330434783,0,HEAVY
868,Sandy Wihtol,RIGHT,73,195,0,0,0.374358974,0,HEAVY
869,Sonny Siebert,RIGHT,75,190,0.173,12,0.394736842,1,MODERATE
870,Jeff Richardson,RIGHT,75,185,0,0,0.405405405,1,MODERATE
871,Bobby Darwin,RIGHT,74,190,0.251,83,0.389473684,1,MODERATE
872,Dennis DeBarr,LEFT,74,190,0,0,0.389473684,1,MODERATE
873,Dan Driessen,LEFT,71,187,0.267,153,0.379679144,1,MODERATE
874,Bruce Miller,RIGHT,73,185,0.246,1,0.394594595,1,MODERATE
875,Bob Bailor,RIGHT,71,170,0.264,9,0.417647059,1,MODERATE
876,Tommy Helms,RIGHT,70,165,0.269,34,0.424242424,1,MODERATE
877,Tony Armas,RIGHT,71,182,0.252,251,0.39010989,1,MODERATE
878,Willie Horton,RIGHT,71,209,0.273,325,0.339712919,0,HEAVY
879,Lou Piniella,RIGHT,72,182,0.291,102,0.395604396,1,MODERATE
880,Butch Hobson,RIGHT,73,193,0.248,98,0.378238342,0,HEAVY
881,John Wathan,RIGHT,74,205,0.262,21,0.36097561,0,HEAVY
882,Hal King,LEFT,73,200,0.214,24,0.365,0,HEAVY
883,Mike Krukow,RIGHT,77,205,0.193,5,0.375609756,0,HEAVY
884,Andres Mora,RIGHT,72,180,0.223,27,0.4,1,MODERATE
885,Barry Foote,RIGHT,75,205,0.23,57,0.365853659,0,HEAVY
886,Ed Ott,LEFT,70,190,0.259,33,0.368421053,0,HEAVY
887,Alan Wiggins,BOTH,74,160,0.259,5,0.4625,2,LEAN
888,Ron Clark,RIGHT,70,175,0.189,5,0.4,1,MODERATE
889,Jay Pettibone,RIGHT,76,182,0,0,0.417582418,1,MODERATE
890,Glen Cook,RIGHT,71,180,0,0,0.394444444,1,MODERATE
891,Julio Gotay,RIGHT,72,180,0.26,6,0.4,1,MODERATE
892,Gary Alexander,RIGHT,74,195,0.23,55,0.379487179,1,MODERATE
893,Andre Thornton,RIGHT,75,200,0.254,253,0.375,0,HEAVY
894,Bob Oliver,RIGHT,75,205,0.256,94,0.365853659,0,HEAVY
895,Bill Castro,RIGHT,71,170,0,0,0.417647059,1,MODERATE
896,Ed Hodge,LEFT,74,192,0,0,0.385416667,1,MODERATE
897,Tom Buskey,RIGHT,75,200,0,0,0.375,0,HEAVY
898,Bruce Taylor,RIGHT,72,178,0,0,0.404494382,1,MODERATE
899,Stan Thomas,RIGHT,74,185,0,0,0.4,1,MODERATE
900,Bob Robertson,RIGHT,73,195,0.242,115,0.374358974,0,HEAVY
901,Larry Monroe,RIGHT,76,200,0,0,0.38,1,MODERATE
902,Roger Slagle,RIGHT,75,190,0,0,0.394736842,1,MODERATE
903,Ollie Brown,RIGHT,74,178,0.265,102,0.415730337,1,MODERATE
904,Jim Campbell,LEFT,71,175,0,0,0.405714286,1,MODERATE
905,Frank Quilici,RIGHT,73,170,0.214,5,0.429411765,1,MODERATE
906,Curt Kaufman,RIGHT,74,175,0,0,0.422857143,1,MODERATE
907,Joe Pepitone,LEFT,74,185,0.258,219,0.4,1,MODERATE
908,Steve Barber,LEFT,72,195,0.115,5,0.369230769,0,HEAVY
909,De Wayne Vaughn,RIGHT,71,180,0,0,0.394444444,1,MODERATE
910,Norm Miller,LEFT,70,185,0.238,24,0.378378378,0,HEAVY
911,Bob Galasso,LEFT,73,205,0,0,0.356097561,0,HEAVY
912,Rich Wortham,RIGHT,72,185,0,0,0.389189189,1,MODERATE
913,Bob Chance,LEFT,74,196,0.261,24,0.37755102,0,HEAVY
914,Julio Cruz,BOTH,69,165,0.237,23,0.418181818,1,MODERATE
915,Bill Sample,RIGHT,69,175,0.272,46,0.394285714,1,MODERATE
916,Juan Nieves,LEFT,75,175,0,0,0.428571429,1,MODERATE
917,Mike Bacsik,RIGHT,74,180,0,0,0.411111111,1,MODERATE
918,Craig Kusick,RIGHT,75,210,0.235,46,0.357142857,0,HEAVY
919,Rudy Meoli,LEFT,69,165,0.212,2,0.418181818,1,MODERATE
920,Ruppert Jones,LEFT,70,170,0.25,147,0.411764706,1,MODERATE
921,Glenn Hoffman,RIGHT,73,175,0.242,23,0.417142857,1,MODERATE
922,Russ Gibson,RIGHT,73,195,0.228,8,0.374358974,0,HEAVY
923,Phil Huffman,RIGHT,74,180,0,0,0.411111111,1,MODERATE
924,Terry Francona,LEFT,73,190,0.274,16,0.384210526,1,MODERATE
925,John Bateman,RIGHT,75,210,0.23,81,0.357142857,0,HEAVY
926,Luis Pujols,RIGHT,74,175,0.193,6,0.422857143,1,MODERATE
927,Joe Gaines,RIGHT,73,190,0.241,21,0.384210526,1,MODERATE
928,Doug Rader,RIGHT,74,208,0.251,155,0.355769231,0,HEAVY
929,Mickey Stanley,RIGHT,73,185,0.248,117,0.394594595,1,MODERATE
930,Steve Brown,RIGHT,77,200,0,0,0.385,1,MODERATE
931,Rick Lysander,RIGHT,74,190,0,0,0.389473684,1,MODERATE
932,Phil Bradley,RIGHT,72,185,0.286,78,0.389189189,1,MODERATE
933,Winston Llenas,RIGHT,70,165,0.23,3,0.424242424,1,MODERATE
934,Charlie Moore,RIGHT,71,180,0.261,36,0.394444444,1,MODERATE
935,Ralph Garr,LEFT,71,185,0.306,75,0.383783784,1,MODERATE
936,Tommy John,RIGHT,75,180,0.157,5,0.416666667,1,MODERATE
937,Bruce Benedict,RIGHT,73,175,0.242,18,0.417142857,1,MODERATE
938,John Ellis,RIGHT,74,225,0.262,69,0.328888889,0,HEAVY
939,Wes Parker,BOTH,73,180,0.267,64,0.405555556,1,MODERATE
940,Mel Stottlemyre,RIGHT,72,190,0,0,0.378947368,0,HEAVY
941,David Green,RIGHT,75,170,0.268,31,0.441176471,2,LEAN
942,Reid Nichols,RIGHT,71,165,0.266,22,0.43030303,1,MODERATE
943,Rick Reichardt,RIGHT,75,210,0.261,116,0.357142857,0,HEAVY
944,Luis Tiant,RIGHT,72,180,0.164,5,0.4,1,MODERATE
945,Alex Sanchez,RIGHT,74,185,0,0,0.4,1,MODERATE
946,Broderick Perkins,LEFT,70,180,0.271,8,0.388888889,1,MODERATE
947,Leon Roberts,RIGHT,75,200,0.267,78,0.375,0,HEAVY
948,Ray Burris,RIGHT,77,200,0.151,1,0.385,1,MODERATE
949,Len Gabrielson,LEFT,76,210,0.253,37,0.361904762,0,HEAVY
950,Johnny Edwards,LEFT,76,220,0.242,81,0.345454545,0,HEAVY
951,Paul Wilmet,RIGHT,71,170,0,0,0.417647059,1,MODERATE
952,Tom Grieve,RIGHT,74,190,0.249,65,0.389473684,1,MODERATE
953,Bruce Ellingsen,LEFT,72,180,0,0,0.4,1,MODERATE
954,Bob Forsch,RIGHT,76,200,0.213,12,0.38,1,MODERATE
955,Gorman Heimueller,LEFT,76,195,0,0,0.38974359,1,MODERATE
956,Danny Cater,RIGHT,72,170,0.276,66,0.423529412,1,MODERATE
957,Bill Schroeder,RIGHT,74,200,0.24,61,0.37,0,HEAVY
958,Clay Dalrymple,LEFT,72,190,0.233,55,0.378947368,0,HEAVY
959,Carlos May,LEFT,71,200,0.274,90,0.355,0,HEAVY
960,Reggie Smith,BOTH,72,180,0.287,314,0.4,1,MODERATE
961,Ron Reed,RIGHT,78,215,0.158,0,0.362790698,0,HEAVY
962,Fred Howard,RIGHT,75,190,0,0,0.394736842,1,MODERATE
963,Davey Johnson,RIGHT,73,170,0.261,136,0.429411765,1,MODERATE
964,Ellis Valentine,RIGHT,76,205,0.278,123,0.370731707,0,HEAVY
965,Roy White,BOTH,70,160,0.271,160,0.4375,2,LEAN
966,Mike Brumley,LEFT,70,195,0.229,5,0.358974359,0,HEAVY
967,Al Luplow,LEFT,70,175,0.235,33,0.4,1,MODERATE
968,John Hoover,RIGHT,74,190,0,0,0.389473684,1,MODERATE
969,Dick Allen,RIGHT,71,187,0.292,351,0.379679144,1,MODERATE
970,Doug Ault,RIGHT,75,200,0.236,17,0.375,0,HEAVY
971,Mark Wagner,RIGHT,72,165,0.243,3,0.436363636,2,LEAN
972,Mike Walters,RIGHT,77,203,0,0,0.379310345,0,HEAVY
973,Willie Stargell,LEFT,74,188,0.282,475,0.393617021,1,MODERATE
974,Steve Carlton,LEFT,76,210,0.201,13,0.361904762,0,HEAVY
975,Jake Wood,RIGHT,73,163,0.25,35,0.447852761,2,LEAN
976,Del Unser,LEFT,73,180,0.258,87,0.405555556,1,MODERATE
977,Bob Brower,RIGHT,71,185,0.242,17,0.383783784,1,MODERATE
978,Ray Culp,RIGHT,72,200,0.123,1,0.36,0,HEAVY
979,Ivan Murrell,RIGHT,74,195,0.236,33,0.379487179,1,MODERATE
980,Lee Mazzilli,BOTH,73,180,0.259,93,0.405555556,1,MODERATE
981,Garth Iorg,RIGHT,71,170,0.258,20,0.417647059,1,MODERATE
982,Alan Ashby,BOTH,74,185,0.245,90,0.4,1,MODERATE
983,Bob Brenly,RIGHT,74,210,0.247,91,0.352380952,0,HEAVY
984,Ron Blomberg,LEFT,73,195,0.293,52,0.374358974,0,HEAVY
985,Jim Rooker,RIGHT,72,195,0.201,7,0.369230769,0,HEAVY
986,Tim Blackwell,BOTH,71,170,0.228,6,0.417647059,1,MODERATE
987,Colby Ward,RIGHT,74,185,0,0,0.4,1,MODERATE
988,Jerry Morales,RIGHT,70,155,0.259,95,0.451612903,2,LEAN
989,Davey Lopes,RIGHT,69,170,0.263,155,0.405882353,1,MODERATE
990,Catfish Hunter,RIGHT,72,190,0.226,6,0.378947368,0,HEAVY
991,Mario Soto,RIGHT,72,174,0.132,1,0.413793103,1,MODERATE
992,Jimmy Wynn,RIGHT,70,160,0.25,291,0.4375,2,LEAN
993,Hank Allen,RIGHT,72,190,0.241,6,0.378947368,0,HEAVY
994,Jim Fregosi,RIGHT,73,190,0.265,151,0.384210526,1,MODERATE
995,Pepe Frias,RIGHT,70,159,0.24,1,0.440251572,2,LEAN
996,Mike Schmidt,RIGHT,74,195,0.267,548,0.379487179,1,MODERATE
997,Willie Montanez,LEFT,72,170,0.275,139,0.423529412,1,MODERATE
998,Rey Quinones,RIGHT,71,160,0.243,29,0.44375,2,LEAN
999,Mike Squires,LEFT,71,185,0.26,6,0.383783784,1,MODERATE
1000,Champ Summers,LEFT,74,205,0.255,54,0.36097561,0,HEAVY
1001,Chuck Porter,RIGHT,75,187,0,0,0.401069519,1,MODERATE
1002,Bert Campaneris,RIGHT,70,160,0.259,79,0.4375,2,LEAN
1003,Bobby Valentine,RIGHT,70,189,0.26,12,0.37037037,0,HEAVY
1004,Rob Andrews,RIGHT,72,185,0.251,3,0.389189189,1,MODERATE
1005,Tom Haller,LEFT,76,195,0.257,134,0.38974359,1,MODERATE
1006,Tom Dozier,RIGHT,74,190,0,0,0.389473684,1,MODERATE
1007,Ed Stroud,LEFT,71,180,0.237,14,0.394444444,1,MODERATE
1008,Ron Swoboda,RIGHT,74,195,0.242,73,0.379487179,1,MODERATE
1009,Harry Spilman,LEFT,73,180,0.237,18,0.405555556,1,MODERATE
1010,Bob Barton,RIGHT,72,175,0.226,9,0.411428571,1,MODERATE
1011,Daryl Sconiers,LEFT,74,185,0.265,15,0.4,1,MODERATE
1012,Joe Torre,RIGHT,74,212,0.297,252,0.349056604,0,HEAVY
1013,Al Ferrara,RIGHT,73,200,0.259,51,0.365,0,HEAVY
1014,Rick Steirer,RIGHT,76,200,0,0,0.38,1,MODERATE
1015,Sixto Lezcano,RIGHT,70,165,0.271,148,0.424242424,1,MODERATE
1016,Al Lachowicz,RIGHT,75,198,0,0,0.378787879,0,HEAVY
1017,Dave Nicholson,RIGHT,74,215,0.212,61,0.344186047,0,HEAVY
1018,Freddie Patek,RIGHT,65,148,0.242,41,0.439189189,2,LEAN
1019,Ken Hubbs,RIGHT,74,175,0.247,14,0.422857143,1,MODERATE
1020,Pepe Mangual,RIGHT,70,157,0.242,16,0.445859873,2,LEAN
1021,Leron Lee,LEFT,72,196,0.25,31,0.367346939,0,HEAVY
1022,Tom McCarthy,RIGHT,72,180,0,0,0.4,1,MODERATE
1023,Steve Ontiveros,BOTH,72,185,0.274,24,0.389189189,1,MODERATE
1024,Willie Davis,LEFT,74,180,0.279,182,0.411111111,1,MODERATE
1025,Tom Lawless,RIGHT,71,170,0.207,2,0.417647059,1,MODERATE
1026,Jerry Moses,RIGHT,75,210,0.251,25,0.357142857,0,HEAVY
1027,Bobby Bonds,RIGHT,73,190,0.268,332,0.384210526,1,MODERATE
1028,Dave McNally,RIGHT,71,185,0.133,9,0.383783784,1,MODERATE
1029,Darrell Brown,BOTH,72,184,0.274,1,0.391304348,1,MODERATE
1030,Roy Foster,RIGHT,72,185,0.253,45,0.389189189,1,MODERATE
1031,Denis Menke,RIGHT,72,185,0.25,101,0.389189189,1,MODERATE
1032,Hal Breeden,RIGHT,74,200,0.243,21,0.37,0,HEAVY
1033,Manny Trillo,RIGHT,73,150,0.263,61,0.486666667,2,LEAN
1034,Jackie Gutierrez,RIGHT,71,175,0.237,4,0.405714286,1,MODERATE
1035,Jerry Kenney,LEFT,73,170,0.237,7,0.429411765,1,MODERATE
1036,Fred Kendall,RIGHT,73,185,0.234,31,0.394594595,1,MODERATE
1037,Mike Anderson,RIGHT,74,200,0.246,28,0.37,0,HEAVY
1038,Jim Lewis,RIGHT,75,190,0,0,0.394736842,1,MODERATE
1039,Joe Charboneau,RIGHT,74,205,0.266,29,0.36097561,0,HEAVY
1040,Jimmie Schaffer,RIGHT,69,170,0.223,11,0.405882353,1,MODERATE
1041,Junior Kennedy,RIGHT,71,175,0.248,4,0.405714286,1,MODERATE
1042,Wilbur Howard,BOTH,74,170,0.25,6,0.435294118,1,MODERATE
1043,Rod Gilbreath,RIGHT,74,180,0.248,14,0.411111111,1,MODERATE
1044,Mark Brouhard,RIGHT,73,210,0.259,25,0.347619048,0,HEAVY
1045,Dan Morogiello,LEFT,73,200,0,0,0.365,0,HEAVY
1046,Mike Young,BOTH,74,195,0.247,72,0.379487179,1,MODERATE
1047,Chris Speier,RIGHT,73,175,0.246,112,0.417142857,1,MODERATE
1048,Gene Michael,BOTH,74,183,0.229,15,0.404371585,1,MODERATE
1049,Vic Harris,BOTH,71,165,0.217,13,0.43030303,1,MODERATE
1050,Mike Fischlin,RIGHT,73,165,0.22,3,0.442424242,2,LEAN
1051,Don Money,RIGHT,73,170,0.261,176,0.429411765,1,MODERATE
1052,Joe Rudi,RIGHT,74,200,0.264,179,0.37,0,HEAVY
1053,Jim Rice,RIGHT,74,200,0.298,382,0.37,0,HEAVY
1054,Shawn Holman,RIGHT,74,185,0,0,0.4,1,MODERATE
1055,Alan Wirth,RIGHT,76,190,0,0,0.4,1,MODERATE
1056,Gil Garrido,RIGHT,69,150,0.237,1,0.46,2,LEAN
1057,Marty Perez,RIGHT,71,160,0.246,22,0.44375,2,LEAN
1058,Tom Matchick,LEFT,73,173,0.215,4,0.421965318,1,MODERATE
1059,Jack Perconte,LEFT,70,160,0.27,2,0.4375,2,LEAN
1060,Ed Kirkpatrick,LEFT,71,195,0.238,85,0.364102564,0,HEAVY
1061,Jerry Grote,RIGHT,70,185,0.252,39,0.378378378,0,HEAVY
1062,Ellie Hendricks,LEFT,73,175,0.22,62,0.417142857,1,MODERATE
1063,Jim Beauchamp,RIGHT,74,190,0.231,14,0.389473684,1,MODERATE
1064,Terry Wilshusen,RIGHT,74,210,0,0,0.352380952,0,HEAVY
1065,Tito Fuentes,BOTH,71,175,0.268,45,0.405714286,1,MODERATE
1066,Ron Brand,RIGHT,67,167,0.239,3,0.401197605,1,MODERATE
1067,Leo Cardenas,RIGHT,71,150,0.257,118,0.473333333,2,LEAN
1068,Art Shamsky,LEFT,73,168,0.253,68,0.43452381,1,MODERATE
1069,Steve Ellsworth,RIGHT,80,220,0,0,0.363636364,0,HEAVY
1070,Ron Cey,RIGHT,70,185,0.261,316,0.378378378,0,HEAVY
1071,Skip Jutze,RIGHT,71,190,0.215,3,0.373684211,0,HEAVY
1072,Butch Wynegar,BOTH,73,190,0.255,65,0.384210526,1,MODERATE
1073,Ron LeFlore,RIGHT,72,200,0.288,59,0.36,0,HEAVY
1074,Bill Russell,RIGHT,72,175,0.263,46,0.411428571,1,MODERATE
1075,Gene Tenace,RIGHT,72,190,0.241,201,0.378947368,0,HEAVY
1076,Bubba Morton,RIGHT,70,175,0.267,14,0.4,1,MODERATE
1077,Ellie Rodriguez,RIGHT,71,185,0.245,16,0.383783784,1,MODERATE
1078,Darrel Chaney,BOTH,74,188,0.217,14,0.393617021,1,MODERATE
1079,Dick Nen,LEFT,74,200,0.224,21,0.37,0,HEAVY
1080,Bryan Kelly,RIGHT,74,195,0,0,0.379487179,1,MODERATE
1081,Bill Freehan,RIGHT,75,203,0.262,200,0.369458128,0,HEAVY
1082,Steve Nicosia,RIGHT,70,185,0.248,11,0.378378378,0,HEAVY
1083,Ted Savage,RIGHT,73,185,0.233,34,0.394594595,1,MODERATE
1084,Pete Mackanin,RIGHT,74,190,0.226,30,0.389473684,1,MODERATE
1085,Rich Dauer,RIGHT,72,180,0.257,43,0.4,1,MODERATE
1086,Mick Kelleher,RIGHT,69,176,0.213,0,0.392045455,1,MODERATE
1087,Rowland Office,LEFT,72,170,0.259,32,0.423529412,1,MODERATE
1088,Rick Leach,LEFT,73,180,0.268,18,0.405555556,1,MODERATE
1089,Dwayne Murphy,LEFT,73,185,0.246,166,0.394594595,1,MODERATE
1090,Larry Harlow,LEFT,74,185,0.248,12,0.4,1,MODERATE
1091,Mike Epstein,LEFT,75,230,0.244,130,0.326086957,0,HEAVY
1092,Jerry Mumphrey,BOTH,74,185,0.289,70,0.4,1,MODERATE
1093,Don Sutton,RIGHT,73,185,0.144,0,0.394594595,1,MODERATE
1094,Glenn Beckert,RIGHT,73,190,0.283,22,0.384210526,1,MODERATE
1095,Ron Davis,RIGHT,72,175,0.233,10,0.411428571,1,MODERATE
1096,Mike Shannon,RIGHT,75,195,0.255,68,0.384615385,1,MODERATE
1097,Jason Thompson,LEFT,76,200,0.261,208,0.38,1,MODERATE
1098,Wayne Tolleson,BOTH,69,160,0.241,9,0.43125,1,MODERATE
1099,John Leister,RIGHT,74,200,0,0,0.37,0,HEAVY
1100,Don Cooper,RIGHT,73,185,0,0,0.394594595,1,MODERATE
1101,Mike Jorgensen,LEFT,72,195,0.243,95,0.369230769,0,HEAVY
1102,Ed Romero,RIGHT,71,160,0.247,8,0.44375,2,LEAN
1103,Rick Joseph,RIGHT,73,192,0.243,13,0.380208333,1,MODERATE
1104,Cecil Cooper,LEFT,74,165,0.298,241,0.448484848,2,LEAN
1105,Bill Almon,RIGHT,75,180,0.254,36,0.416666667,1,MODERATE
1106,Joe Ferguson,RIGHT,74,200,0.24,122,0.37,0,HEAVY
1107,Jeff Jones,RIGHT,75,210,0,0,0.357142857,0,HEAVY
1108,Jerry Terrell,RIGHT,71,165,0.253,4,0.43030303,1,MODERATE
1109,John Poloni,LEFT,77,210,0,0,0.366666667,0,HEAVY
1110,Dave Revering,LEFT,76,210,0.265,62,0.361904762,0,HEAVY
1111,Curt Ford,LEFT,70,150,0.245,7,0.466666667,2,LEAN
1112,Jerry Dybzinski,RIGHT,74,180,0.234,3,0.411111111,1,MODERATE
1113,Mike Willis,LEFT,74,205,0,0,0.36097561,0,HEAVY
1114,Bob Burda,LEFT,71,174,0.224,13,0.408045977,1,MODERATE
1115,Jesse Gonder,LEFT,70,180,0.251,26,0.388888889,1,MODERATE
1116,Gary Sutherland,RIGHT,72,185,0.243,24,0.389189189,1,MODERATE
1117,Bob Coluccio,RIGHT,71,183,0.22,26,0.387978142,1,MODERATE
1118,Dave Rader,LEFT,71,165,0.257,30,0.43030303,1,MODERATE
1119,Ron Gardenhire,RIGHT,72,175,0.232,4,0.411428571,1,MODERATE
1120,Bill Sharp,LEFT,70,178,0.255,9,0.393258427,1,MODERATE
1121,Alan Bannister,RIGHT,71,170,0.27,19,0.417647059,1,MODERATE
1122,Bob Watson,RIGHT,72,201,0.295,184,0.358208955,0,HEAVY
1123,Ken Harrelson,RIGHT,74,190,0.239,131,0.389473684,1,MODERATE
1124,Bobby Wine,RIGHT,73,187,0.215,30,0.390374332,1,MODERATE
1125,Stefan Wever,RIGHT,80,245,0,0,0.326530612,0,HEAVY
1126,John Kennedy,RIGHT,72,185,0.225,32,0.389189189,1,MODERATE
1127,Chico Ruiz,BOTH,72,169,0.24,2,0.426035503,1,MODERATE
1128,Dave Johnson,RIGHT,73,183,0,0,0.398907104,1,MODERATE
1129,Gail Hopkins,LEFT,70,198,0.266,25,0.353535354,0,HEAVY
1130,Doug Frobel,LEFT,76,196,0.201,20,0.387755102,1,MODERATE
1131,Luis Melendez,RIGHT,72,165,0.248,9,0.436363636,2,LEAN
1132,Jerry Augustine,LEFT,72,183,0,0,0.393442623,1,MODERATE
1133,Bill Plummer,RIGHT,73,190,0.188,14,0.384210526,1,MODERATE
1134,Buck Rodgers,BOTH,74,190,0.232,31,0.389473684,1,MODERATE
1135,Phil Niekro,RIGHT,73,180,0.169,7,0.405555556,1,MODERATE
1136,Jeff Holly,LEFT,77,210,0,0,0.366666667,0,HEAVY
1137,Tom Poquette,LEFT,70,175,0.268,10,0.4,1,MODERATE
1138,Eric Hetzel,RIGHT,75,175,0,0,0.428571429,1,MODERATE
1139,Brian Asselstine,LEFT,73,175,0.254,12,0.417142857,1,MODERATE
1140,Rick Miller,LEFT,72,175,0.269,28,0.411428571,1,MODERATE
1141,Ed Charles,RIGHT,70,170,0.263,86,0.411764706,1,MODERATE
1142,Luis Gomez,RIGHT,69,150,0.21,0,0.46,2,LEAN
1143,Dave Lemanczyk,RIGHT,76,235,0,0,0.323404255,0,HEAVY
1144,Al Jones,RIGHT,76,210,0,0,0.361904762,0,HEAVY
1145,Floyd Rayford,RIGHT,70,190,0.244,38,0.368421053,0,HEAVY
1146,Sam Hinds,RIGHT,78,215,0,0,0.362790698,0,HEAVY
1147,Tony Conigliaro,RIGHT,75,185,0.264,166,0.405405405,1,MODERATE
1148,Clay Christiansen,RIGHT,77,205,0,0,0.375609756,0,HEAVY
1149,Jim Barr,RIGHT,75,205,0.162,1,0.365853659,0,HEAVY
1150,Jerry Remy,LEFT,69,165,0.275,7,0.418181818,1,MODERATE
1151,Larry Rothschild,LEFT,74,180,0,0,0.411111111,1,MODERATE
1152,Frank Duffy,RIGHT,73,180,0.232,26,0.405555556,1,MODERATE
1153,Gary Lance,BOTH,75,195,0,0,0.384615385,1,MODERATE
1154,Tom O'Malley,LEFT,72,180,0.256,13,0.4,1,MODERATE
1155,Phil Garner,RIGHT,70,175,0.26,109,0.4,1,MODERATE
1156,Larry Pashnick,RIGHT,75,205,0,0,0.365853659,0,HEAVY
1157,Todd Fischer,RIGHT,70,170,0,0,0.411764706,1,MODERATE
